--
-- PostgreSQL database dump
--

-- Dumped from database version 14.3 (Debian 14.3-1.pgdg110+1)
-- Dumped by pg_dump version 14.3 (Debian 14.3-1.pgdg110+1)

SET statement_timeout = 0;
SET lock_timeout = 0;
SET idle_in_transaction_session_timeout = 0;
SET client_encoding = 'UTF8';
SET standard_conforming_strings = on;
SELECT pg_catalog.set_config('search_path', '', false);
SET check_function_bodies = false;
SET xmloption = content;
SET client_min_messages = warning;
SET row_security = off;

SET default_tablespace = '';

SET default_table_access_method = heap;

--
-- Name: Category; Type: TABLE; Schema: public; Owner: game-trailer
--

CREATE TABLE public."Category" (
    id text NOT NULL,
    name character varying(255) NOT NULL,
    slug character varying(255) NOT NULL
);


ALTER TABLE public."Category" OWNER TO "game-trailer";

--
-- Name: Statistic; Type: TABLE; Schema: public; Owner: game-trailer
--

CREATE TABLE public."Statistic" (
    "createdAt" timestamp(3) without time zone DEFAULT CURRENT_TIMESTAMP NOT NULL,
    "updatedAt" timestamp(3) without time zone NOT NULL,
    "trailerId" text NOT NULL,
    "viewCount" integer NOT NULL,
    "likeCount" integer NOT NULL,
    "commentCount" integer NOT NULL,
    date date DEFAULT CURRENT_TIMESTAMP NOT NULL
);


ALTER TABLE public."Statistic" OWNER TO "game-trailer";

--
-- Name: Trailer; Type: TABLE; Schema: public; Owner: game-trailer
--

CREATE TABLE public."Trailer" (
    id text NOT NULL,
    "createdAt" timestamp(3) without time zone DEFAULT CURRENT_TIMESTAMP NOT NULL,
    "updatedAt" timestamp(3) without time zone NOT NULL,
    "gameTitle" character varying(255) NOT NULL,
    "gameUrl" character varying(255) NOT NULL,
    "releaseDate" date,
    "youtubeId" character varying(255) NOT NULL,
    "trailerTitle" character varying(255) NOT NULL,
    "trailerUrl" character varying(255) NOT NULL,
    "trailerPublishedAt" timestamp(3) without time zone NOT NULL,
    "trailerChannelTitle" character varying(255) NOT NULL
);


ALTER TABLE public."Trailer" OWNER TO "game-trailer";

--
-- Name: _CategoryToTrailer; Type: TABLE; Schema: public; Owner: game-trailer
--

CREATE TABLE public."_CategoryToTrailer" (
    "A" text NOT NULL,
    "B" text NOT NULL
);


ALTER TABLE public."_CategoryToTrailer" OWNER TO "game-trailer";

--
-- Name: _prisma_migrations; Type: TABLE; Schema: public; Owner: game-trailer
--

CREATE TABLE public._prisma_migrations (
    id character varying(36) NOT NULL,
    checksum character varying(64) NOT NULL,
    finished_at timestamp with time zone,
    migration_name character varying(255) NOT NULL,
    logs text,
    rolled_back_at timestamp with time zone,
    started_at timestamp with time zone DEFAULT now() NOT NULL,
    applied_steps_count integer DEFAULT 0 NOT NULL
);


ALTER TABLE public._prisma_migrations OWNER TO "game-trailer";

--
-- Data for Name: Category; Type: TABLE DATA; Schema: public; Owner: game-trailer
--

COPY public."Category" (id, name, slug) FROM stdin;
deaf7d16-5018-42e5-a5ef-9f3bed0f1947	PC	PC
50e618ad-07ba-4de5-b04d-5511cd1fe40d	Steam	Steam
2dd8fe4e-b4fe-4827-8b71-23709ca98db9	PlayStation	PlayStation
76e03a5e-af73-4a76-b235-2fe1ff44ce5f	PS4	PS4
5c9fc01b-d6b2-4a5f-9205-a860f6671ba3	PS5	PS5
fc9c1514-324d-4dcb-97dd-9ce5e242d28b	Xbox	Xbox
6ef235e2-e990-4c62-bfbb-e7d98416adf2	Nintendo Switch	Nintendo-Switch
ac966fab-437e-4cc3-a116-70d0ffb75172	Epic Games	Epic-Games
99f922a5-247d-4e9c-81d4-8e5f2e5d713e	Microsoft Store	Microsoft-Store
50144172-8243-4eb4-8845-2e856ce7f207	Xbox One	Xbox-One
c70ad49b-714f-40c3-a454-ba2d15d73fa1	Xbox Series S	Xbox-Series-S
9e4aa91b-df63-46ae-a3c1-650381f91ba2	Xbox Series X	Xbox-Series-X
76d3ae63-9919-4ad9-a6bf-440a6e4f6e1b	Xbox Exclusive	Xbox-Exclusive
4ac62ce5-e3a5-4b12-bd2c-3a53b4516ebe	PlayStation Exclusive	PlayStation-Exclusive
5f6e8438-8b11-4c5e-aed9-834c6038334d	Nintendo Exclusive	Nintendo-Exclusive
\.


--
-- Data for Name: Statistic; Type: TABLE DATA; Schema: public; Owner: game-trailer
--

COPY public."Statistic" ("createdAt", "updatedAt", "trailerId", "viewCount", "likeCount", "commentCount", date) FROM stdin;
2022-05-28 18:13:14.033	2022-05-28 18:13:14.036	fe16bc85-f506-44fd-8fa9-99bf919bacd9	3483547	91054	4601	2022-05-28
2022-05-29 16:55:22.41	2022-05-29 16:55:22.412	db09701c-5b3d-425d-b1bf-742c02fe923e	3805778	138852	18820	2022-05-29
2022-05-29 13:36:11.021	2022-05-29 16:55:22.455	fe16bc85-f506-44fd-8fa9-99bf919bacd9	3485361	91085	4602	2022-05-29
2022-05-29 13:36:10.931	2022-05-29 16:55:22.456	ccedb919-a463-4114-9a94-1e8491aa1db6	14622952	195240	9129	2022-05-29
2022-05-31 18:23:03.774	2022-05-31 18:36:45.007	e703f552-72fb-432a-af06-7844bdf34949	3679804	175856	10371	2022-05-31
2022-05-30 17:05:40.642	2022-05-30 17:05:40.647	0505a84b-01d7-4716-a7b2-61b70f18c033	4387173	153155	11835	2022-05-30
2022-05-30 17:05:40.642	2022-05-30 17:05:40.647	17d98a07-34f5-4b1e-979e-1ce356994c1f	3813907	95289	11296	2022-05-30
2022-05-30 17:05:40.643	2022-05-30 17:05:40.647	df652a57-7728-4e08-8f6d-a44dc2fa64bf	415022	9029	2106	2022-05-30
2022-05-30 17:05:40.643	2022-05-30 17:05:40.647	88a2afc6-3e15-402c-aadc-094c470c35ed	17089965	73596	14801	2022-05-30
2022-05-30 17:05:40.643	2022-05-30 17:05:40.647	88deded7-0232-4819-9e39-2013dc7cc285	90262	7116	672	2022-05-30
2022-05-30 17:05:40.644	2022-05-30 17:05:40.647	74d3c228-3554-40a6-b5f8-944444ebc3ba	1403582	29865	2164	2022-05-30
2022-05-30 17:05:40.642	2022-05-30 17:05:40.647	84683ea8-478f-48b8-8004-cece493fee98	1967265	64409	6976	2022-05-30
2022-05-30 17:05:40.643	2022-05-30 17:05:40.647	406d6f96-c05e-4303-a76d-d3a750c68372	4275724	154691	16474	2022-05-30
2022-05-30 17:05:40.648	2022-05-30 17:05:40.649	b9c517d4-d6e9-429e-b86b-89383cdcedaa	6025136	173466	24214	2022-05-30
2022-05-30 17:05:40.643	2022-05-30 17:05:40.647	a4e59c4a-c362-4721-8036-b612d42a3f17	1658777	12243	1206	2022-05-30
2022-05-30 17:05:40.644	2022-05-30 17:05:40.647	0563e9f0-cc42-43f2-9da0-3e9562d0ea71	2524885	82359	4993	2022-05-30
2022-05-30 17:05:40.644	2022-05-30 17:05:40.647	a96de528-48cb-4be2-8100-845ad8fdcb2b	2387988	112437	17570	2022-05-30
2022-05-30 17:05:40.643	2022-05-30 17:05:40.647	884c5d2c-c5ee-4fa2-a516-4f42fb8c9905	1332297	41010	2448	2022-05-30
2022-05-30 17:05:40.648	2022-05-30 17:05:40.65	20d7e49e-782d-4c26-84da-77cacf63fcd6	1334347	35677	1933	2022-05-30
2022-05-30 17:05:40.648	2022-05-30 17:05:40.649	e87d119d-6bd0-4a07-b2c4-ba2cf2516f9e	1595934	59465	6210	2022-05-30
2022-05-30 17:05:40.648	2022-05-30 17:05:40.649	f33dc980-fc6c-48c4-a82b-e3723441fa8b	3118370	33433	4477	2022-05-30
2022-05-30 17:05:40.65	2022-05-30 17:05:40.652	74dd785f-fa76-4251-9f7a-f63d6b37e37b	3449989	76906	5663	2022-05-30
2022-05-30 17:05:40.65	2022-05-30 17:05:40.652	ec0eb006-91ad-4fe7-b7b7-a883136337e2	1092514	47955	6289	2022-05-30
2022-05-30 17:05:40.65	2022-05-30 17:05:40.653	f19186ab-e0ab-4e0d-bbd0-5157cd48a497	822697	31053	2703	2022-05-30
2022-05-30 14:22:54.411	2022-05-30 17:05:40.964	13eb9117-d884-4b07-ae5b-0987b8208202	14371159	637201	32335	2022-05-30
2022-05-30 06:14:11.002	2022-05-30 17:05:40.964	db09701c-5b3d-425d-b1bf-742c02fe923e	3810972	138936	18828	2022-05-30
2022-05-30 06:14:11.003	2022-05-30 17:05:40.964	fe16bc85-f506-44fd-8fa9-99bf919bacd9	3487314	91119	4602	2022-05-30
2022-05-30 14:22:54.411	2022-05-30 17:05:40.964	81fd3b51-ca00-411e-adcd-1e3b77cbe91b	5956845	210173	8782	2022-05-30
2022-05-30 06:14:11.003	2022-05-30 17:05:40.965	ccedb919-a463-4114-9a94-1e8491aa1db6	14659949	195572	9139	2022-05-30
2022-05-30 14:22:54.411	2022-05-30 17:05:40.965	10e77c85-976b-43e9-bb95-65d5d8b92020	1986710	61608	4728	2022-05-30
2022-05-30 14:24:06.908	2022-05-30 17:05:40.965	c2d2ba8e-f6dd-407b-aa1e-24bab8888098	1702510	39432	30803	2022-05-30
2022-05-31 06:08:52.859	2022-05-31 18:36:45.011	f19186ab-e0ab-4e0d-bbd0-5157cd48a497	826362	31095	2701	2022-05-31
2022-05-31 18:23:03.774	2022-05-31 18:36:45.007	7b58eba6-3a0c-4034-9bf2-b7016ed5338f	15368640	382117	23383	2022-05-31
2022-05-31 06:08:52.841	2022-05-31 18:36:44.997	fe16bc85-f506-44fd-8fa9-99bf919bacd9	3489104	91159	4604	2022-05-31
2022-05-31 18:36:44.886	2022-05-31 18:36:44.891	6a77c550-9a4f-409a-8865-6105e2b59379	2661364	117875	11821	2022-05-31
2022-05-31 18:23:03.774	2022-05-31 18:36:45.008	3e379e98-6601-4435-ab23-dcd434560c22	1583802	25740	2680	2022-05-31
2022-05-31 06:08:52.841	2022-05-31 18:36:44.999	81fd3b51-ca00-411e-adcd-1e3b77cbe91b	5959436	210210	8788	2022-05-31
2022-06-01 05:57:32.883	2022-06-01 05:57:32.89	884c5d2c-c5ee-4fa2-a516-4f42fb8c9905	1333158	41030	2449	2022-06-01
2022-05-31 06:08:52.855	2022-05-31 18:36:45.006	b9c517d4-d6e9-429e-b86b-89383cdcedaa	6025490	173476	24212	2022-05-31
2022-05-31 06:08:52.853	2022-05-31 18:36:45.003	88deded7-0232-4819-9e39-2013dc7cc285	90326	7119	672	2022-05-31
2022-06-01 05:57:32.884	2022-06-01 05:57:32.89	db09701c-5b3d-425d-b1bf-742c02fe923e	3844053	139639	18871	2022-06-01
2022-05-31 06:08:52.858	2022-05-31 18:36:45.009	ec0eb006-91ad-4fe7-b7b7-a883136337e2	1092839	47959	6290	2022-05-31
2022-05-31 06:08:52.841	2022-05-31 18:36:44.997	10e77c85-976b-43e9-bb95-65d5d8b92020	1987930	61624	4727	2022-05-31
2022-05-31 06:08:52.842	2022-05-31 18:36:44.997	db09701c-5b3d-425d-b1bf-742c02fe923e	3824651	139315	18853	2022-05-31
2022-05-31 06:08:52.855	2022-05-31 18:36:45.008	74dd785f-fa76-4251-9f7a-f63d6b37e37b	3450439	76918	5663	2022-05-31
2022-05-31 18:23:03.774	2022-05-31 18:36:45.012	d87f51bd-042d-4278-997f-b9f45f28a0bf	2727636	92085	11504	2022-05-31
2022-05-31 06:08:52.852	2022-05-31 18:36:45.002	84683ea8-478f-48b8-8004-cece493fee98	1969312	64460	6977	2022-05-31
2022-05-31 06:08:52.842	2022-05-31 18:36:44.997	884c5d2c-c5ee-4fa2-a516-4f42fb8c9905	1332846	41022	2449	2022-05-31
2022-05-31 18:23:03.775	2022-05-31 18:36:45.013	bfb21ce3-2d6d-4bae-9964-6764a2f13372	10352911	343306	23808	2022-05-31
2022-05-31 06:08:52.856	2022-05-31 18:36:45.013	a4e59c4a-c362-4721-8036-b612d42a3f17	1658979	12248	1206	2022-05-31
2022-06-01 05:57:32.885	2022-06-01 05:57:32.89	88a2afc6-3e15-402c-aadc-094c470c35ed	17096361	73678	14809	2022-06-01
2022-06-01 05:57:32.884	2022-06-01 05:57:32.89	74d3c228-3554-40a6-b5f8-944444ebc3ba	1404122	29873	2166	2022-06-01
2022-06-01 05:57:32.883	2022-06-01 05:57:32.891	81fd3b51-ca00-411e-adcd-1e3b77cbe91b	5960675	210224	8788	2022-06-01
2022-05-31 06:08:52.842	2022-05-31 18:36:44.997	88a2afc6-3e15-402c-aadc-094c470c35ed	17094228	73658	14802	2022-05-31
2022-05-31 06:08:52.842	2022-05-31 18:36:44.998	c2d2ba8e-f6dd-407b-aa1e-24bab8888098	1704170	39461	30836	2022-05-31
2022-06-01 05:57:32.883	2022-06-01 05:57:32.89	df652a57-7728-4e08-8f6d-a44dc2fa64bf	415694	9043	2108	2022-06-01
2022-05-31 06:08:52.852	2022-05-31 18:36:45.004	f33dc980-fc6c-48c4-a82b-e3723441fa8b	3118605	33436	4478	2022-05-31
2022-05-31 06:08:52.852	2022-05-31 18:36:45.003	e87d119d-6bd0-4a07-b2c4-ba2cf2516f9e	1597558	59507	6225	2022-05-31
2022-05-31 06:08:52.857	2022-05-31 18:36:45.007	a96de528-48cb-4be2-8100-845ad8fdcb2b	2393883	112778	17592	2022-05-31
2022-05-31 06:08:52.853	2022-05-31 18:36:45.002	17d98a07-34f5-4b1e-979e-1ce356994c1f	3817495	95352	11302	2022-05-31
2022-05-31 06:08:52.853	2022-05-31 18:36:45.002	0505a84b-01d7-4716-a7b2-61b70f18c033	4393681	153271	11846	2022-05-31
2022-05-31 06:08:52.841	2022-05-31 18:36:45	13eb9117-d884-4b07-ae5b-0987b8208202	14388961	637598	32354	2022-05-31
2022-05-31 06:08:52.853	2022-05-31 18:36:45.003	20d7e49e-782d-4c26-84da-77cacf63fcd6	1335967	35684	1933	2022-05-31
2022-05-31 18:23:03.774	2022-05-31 18:36:45.01	d57d9e2d-c7ab-4ab1-8d59-66d3d8509a8b	3185678	82924	11098	2022-05-31
2022-06-01 05:57:32.883	2022-06-01 05:57:32.891	10e77c85-976b-43e9-bb95-65d5d8b92020	1988494	61633	4727	2022-06-01
2022-06-01 05:57:32.884	2022-06-01 05:57:32.891	ccedb919-a463-4114-9a94-1e8491aa1db6	14705265	195948	9144	2022-06-01
2022-06-01 05:57:32.884	2022-06-01 05:57:32.89	13eb9117-d884-4b07-ae5b-0987b8208202	14396900	637773	32357	2022-06-01
2022-06-01 05:57:32.884	2022-06-01 05:57:32.89	406d6f96-c05e-4303-a76d-d3a750c68372	4279574	154747	16482	2022-06-01
2022-05-31 06:08:52.842	2022-05-31 18:36:44.997	ccedb919-a463-4114-9a94-1e8491aa1db6	14693791	195883	9143	2022-05-31
2022-05-31 06:08:52.842	2022-05-31 18:36:44.997	406d6f96-c05e-4303-a76d-d3a750c68372	4277666	154729	16479	2022-05-31
2022-05-31 06:08:52.842	2022-05-31 18:36:44.997	df652a57-7728-4e08-8f6d-a44dc2fa64bf	415447	9034	2106	2022-05-31
2022-05-31 06:08:52.842	2022-05-31 18:36:44.998	74d3c228-3554-40a6-b5f8-944444ebc3ba	1403928	29870	2165	2022-05-31
2022-05-31 06:08:52.858	2022-05-31 18:36:45.006	0563e9f0-cc42-43f2-9da0-3e9562d0ea71	2526815	82411	4995	2022-05-31
2022-05-31 18:23:03.774	2022-05-31 18:36:45.01	1c5e8059-55e2-4fba-b4d1-102f910c8bb2	1964767	55655	5104	2022-05-31
2022-05-31 18:23:03.774	2022-05-31 18:36:45.009	ce03228a-e0fb-4bf4-be33-035373d49ed0	5174961	168938	32629	2022-05-31
2022-06-01 05:57:32.884	2022-06-01 05:57:32.89	c2d2ba8e-f6dd-407b-aa1e-24bab8888098	1704995	39476	30838	2022-06-01
2022-06-01 05:57:32.894	2022-06-01 05:57:32.896	84683ea8-478f-48b8-8004-cece493fee98	1970600	64482	6977	2022-06-01
2022-06-01 05:57:32.894	2022-06-01 05:57:32.897	17d98a07-34f5-4b1e-979e-1ce356994c1f	3819264	95378	11302	2022-06-01
2022-06-01 05:57:32.884	2022-06-01 05:57:32.89	fe16bc85-f506-44fd-8fa9-99bf919bacd9	3489893	91171	4604	2022-06-01
2022-06-01 05:57:32.896	2022-06-01 05:57:32.899	f33dc980-fc6c-48c4-a82b-e3723441fa8b	3118748	33437	4478	2022-06-01
2022-06-01 05:57:32.899	2022-06-01 05:57:32.901	7b58eba6-3a0c-4034-9bf2-b7016ed5338f	15395509	382475	23394	2022-06-01
2022-06-01 05:57:32.9	2022-06-01 05:57:32.903	ec0eb006-91ad-4fe7-b7b7-a883136337e2	1092972	47960	6290	2022-06-01
2022-06-07 05:33:24.196	2022-06-07 05:33:24.199	d87f51bd-042d-4278-997f-b9f45f28a0bf	2747066	92303	11504	2022-06-07
2022-06-07 05:33:24.212	2022-06-07 05:33:24.216	d53f819c-955a-4ec6-8a14-8b20b3b7d159	862243	20087	2601	2022-06-07
2022-06-07 05:33:24.228	2022-06-07 05:33:24.231	9eab2380-df01-44cf-83a8-dab86a6be4da	394968	7478	510	2022-06-07
2022-06-08 06:04:12.873	2022-06-08 12:23:32.458	ccedb919-a463-4114-9a94-1e8491aa1db6	15022048	198967	9179	2022-06-08
2022-06-09 08:44:35.086	2022-06-09 08:55:57.543	5a6c02a0-8d65-4efb-a3f1-a0bc25c3a9af	117449	10544	1441	2022-06-09
2022-06-14 06:10:01.116	2022-06-14 06:10:01.127	a96de528-48cb-4be2-8100-845ad8fdcb2b	2500575	114630	17747	2022-06-14
2022-06-14 06:10:01.13	2022-06-14 06:10:01.139	3e379e98-6601-4435-ab23-dcd434560c22	1592597	25925	2684	2022-06-14
2022-06-14 06:10:01.143	2022-06-14 06:10:01.148	cc479880-7eac-417f-aa20-2bdb51beba31	27271503	401487	29249	2022-06-14
2022-06-01 05:57:32.894	2022-06-01 05:57:32.897	20d7e49e-782d-4c26-84da-77cacf63fcd6	1336566	35689	1933	2022-06-01
2022-06-01 05:57:32.9	2022-06-01 05:57:32.902	1c5e8059-55e2-4fba-b4d1-102f910c8bb2	1967356	55683	5104	2022-06-01
2022-06-01 05:57:32.901	2022-06-01 05:57:32.903	d57d9e2d-c7ab-4ab1-8d59-66d3d8509a8b	3188763	82944	11098	2022-06-01
2022-06-07 05:33:24.194	2022-06-07 05:33:24.2	88deded7-0232-4819-9e39-2013dc7cc285	90743	7135	675	2022-06-07
2022-06-07 05:33:24.212	2022-06-07 05:33:24.219	bfb21ce3-2d6d-4bae-9964-6764a2f13372	10357140	343372	23810	2022-06-07
2022-06-09 08:55:56.939	2022-06-09 08:55:56.947	cc479880-7eac-417f-aa20-2bdb51beba31	14735181	329295	24275	2022-06-09
2022-06-10 08:05:00.639	2022-06-10 08:05:00.658	ccedb919-a463-4114-9a94-1e8491aa1db6	15121914	199748	9191	2022-06-10
2022-06-10 08:05:00.637	2022-06-10 08:05:00.658	81fd3b51-ca00-411e-adcd-1e3b77cbe91b	5986678	210788	8812	2022-06-10
2022-06-10 08:05:00.661	2022-06-10 08:05:00.664	84683ea8-478f-48b8-8004-cece493fee98	1985361	64812	6991	2022-06-10
2022-06-10 08:05:00.67	2022-06-10 08:05:00.673	20d7e49e-782d-4c26-84da-77cacf63fcd6	1357720	35905	1930	2022-06-10
2022-06-10 08:05:00.665	2022-06-10 08:05:00.677	a96de528-48cb-4be2-8100-845ad8fdcb2b	2485841	114347	17720	2022-06-10
2022-06-10 08:05:00.683	2022-06-10 08:05:00.688	3e379e98-6601-4435-ab23-dcd434560c22	1590905	25886	2682	2022-06-10
2022-06-10 08:05:00.69	2022-06-10 08:05:00.694	46de8926-9640-4d42-9f40-3088a34b3fd1	433901	6005	4314	2022-06-10
2022-06-12 08:00:43.997	2022-06-12 08:00:44.007	10e77c85-976b-43e9-bb95-65d5d8b92020	2000274	61812	4737	2022-06-12
2022-06-12 08:00:43.996	2022-06-12 08:00:44.007	81fd3b51-ca00-411e-adcd-1e3b77cbe91b	5996001	211027	8816	2022-06-12
2022-06-12 08:00:44.015	2022-06-12 08:00:44.019	df652a57-7728-4e08-8f6d-a44dc2fa64bf	421804	9102	2119	2022-06-12
2022-06-12 08:00:44.02	2022-06-12 08:00:44.025	b9c517d4-d6e9-429e-b86b-89383cdcedaa	6028778	173515	24174	2022-06-12
2022-06-12 08:00:44.026	2022-06-12 08:00:44.03	d57d9e2d-c7ab-4ab1-8d59-66d3d8509a8b	3285856	83821	11141	2022-06-12
2022-06-12 08:00:44.032	2022-06-12 08:00:44.036	dc865347-8375-43c9-ba67-1bb999f287e8	906046	65189	7610	2022-06-12
2022-06-12 08:00:44.035	2022-06-12 08:00:44.04	1d5f49b8-a20f-4152-970e-3bfb15afa7e7	659920	25828	3418	2022-06-12
2022-06-13 06:03:27.476	2022-06-13 06:03:27.486	db09701c-5b3d-425d-b1bf-742c02fe923e	4007817	141857	18991	2022-06-13
2022-06-13 06:03:27.477	2022-06-13 06:03:27.486	ccedb919-a463-4114-9a94-1e8491aa1db6	15204096	200453	9199	2022-06-13
2022-06-13 06:03:27.476	2022-06-13 06:03:27.486	fe16bc85-f506-44fd-8fa9-99bf919bacd9	3558325	92324	4630	2022-06-13
2022-06-13 06:03:27.493	2022-06-13 06:03:27.497	88deded7-0232-4819-9e39-2013dc7cc285	91355	7159	678	2022-06-13
2022-06-13 06:03:27.494	2022-06-13 06:03:27.499	a4e59c4a-c362-4721-8036-b612d42a3f17	1661568	12284	1210	2022-06-13
2022-06-13 06:03:27.502	2022-06-13 06:03:27.509	f19186ab-e0ab-4e0d-bbd0-5157cd48a497	841607	31305	2696	2022-06-13
2022-06-14 06:10:01.134	2022-06-14 06:10:01.137	dc865347-8375-43c9-ba67-1bb999f287e8	908269	65226	7612	2022-06-14
2022-06-01 05:57:32.896	2022-06-01 05:57:32.899	0505a84b-01d7-4716-a7b2-61b70f18c033	4397063	153315	11848	2022-06-01
2022-06-01 05:57:32.898	2022-06-01 05:57:32.902	0563e9f0-cc42-43f2-9da0-3e9562d0ea71	2527674	82428	4994	2022-06-01
2022-06-07 05:33:24.187	2022-06-07 05:33:24.194	0563e9f0-cc42-43f2-9da0-3e9562d0ea71	2541233	82752	4997	2022-06-07
2022-06-07 05:33:24.214	2022-06-07 05:33:24.22	6a77c550-9a4f-409a-8865-6105e2b59379	2686589	118545	11853	2022-06-07
2022-06-09 08:44:34.959	2022-06-09 08:55:57.471	fe16bc85-f506-44fd-8fa9-99bf919bacd9	3543209	92116	4629	2022-06-09
2022-06-10 08:05:00.639	2022-06-10 08:05:00.658	fe16bc85-f506-44fd-8fa9-99bf919bacd9	3547995	92183	4630	2022-06-10
2022-06-10 08:05:00.64	2022-06-10 08:05:00.658	10e77c85-976b-43e9-bb95-65d5d8b92020	1998208	61779	4734	2022-06-10
2022-06-10 08:05:00.639	2022-06-10 08:05:00.658	13eb9117-d884-4b07-ae5b-0987b8208202	14561847	641522	32646	2022-06-10
2022-06-10 08:05:00.665	2022-06-10 08:05:00.673	0505a84b-01d7-4716-a7b2-61b70f18c033	4450937	154323	11901	2022-06-10
2022-06-10 08:05:00.675	2022-06-10 08:05:00.677	b9c517d4-d6e9-429e-b86b-89383cdcedaa	6028216	173504	24175	2022-06-10
2022-06-10 08:05:00.676	2022-06-10 08:05:00.679	f33dc980-fc6c-48c4-a82b-e3723441fa8b	3120768	33462	4478	2022-06-10
2022-06-10 08:05:00.681	2022-06-10 08:05:00.687	bfb21ce3-2d6d-4bae-9964-6764a2f13372	10359199	343391	23809	2022-06-10
2022-06-10 08:05:00.692	2022-06-10 08:05:00.697	1d5f49b8-a20f-4152-970e-3bfb15afa7e7	626097	25211	3393	2022-06-10
2022-06-12 08:00:43.997	2022-06-12 08:00:44.007	88a2afc6-3e15-402c-aadc-094c470c35ed	17145762	74279	14979	2022-06-12
2022-06-12 08:00:43.997	2022-06-12 08:00:44.007	884c5d2c-c5ee-4fa2-a516-4f42fb8c9905	1340157	41191	2460	2022-06-12
2022-06-12 08:00:44.015	2022-06-12 08:00:44.021	20d7e49e-782d-4c26-84da-77cacf63fcd6	1359197	35913	1932	2022-06-12
2022-06-12 08:00:44.026	2022-06-12 08:00:44.031	3e379e98-6601-4435-ab23-dcd434560c22	1591572	25901	2683	2022-06-12
2022-06-12 08:00:44.032	2022-06-12 08:00:44.037	6a77c550-9a4f-409a-8865-6105e2b59379	2705121	119166	11889	2022-06-12
2022-06-13 06:03:27.476	2022-06-13 06:03:27.486	841da886-5f4b-4184-aaa8-89e638159ec6	23740487	817518	41706	2022-06-13
2022-06-13 06:03:27.477	2022-06-13 06:03:27.486	406d6f96-c05e-4303-a76d-d3a750c68372	4305297	155173	16502	2022-06-13
2022-06-13 06:03:27.492	2022-06-13 06:03:27.496	84683ea8-478f-48b8-8004-cece493fee98	1995602	65067	6998	2022-06-13
2022-06-13 06:03:27.494	2022-06-13 06:03:27.498	e87d119d-6bd0-4a07-b2c4-ba2cf2516f9e	1612927	59888	6260	2022-06-13
2022-06-13 06:03:27.502	2022-06-13 06:03:27.507	3e379e98-6601-4435-ab23-dcd434560c22	1592246	25917	2683	2022-06-13
2022-06-14 06:10:01.116	2022-06-14 06:10:01.13	0563e9f0-cc42-43f2-9da0-3e9562d0ea71	2601586	84315	5070	2022-06-14
2022-06-01 05:57:32.894	2022-06-01 05:57:32.897	88deded7-0232-4819-9e39-2013dc7cc285	90371	7119	673	2022-06-01
2022-06-01 05:57:32.895	2022-06-01 05:57:32.897	e87d119d-6bd0-4a07-b2c4-ba2cf2516f9e	1598258	59518	6226	2022-06-01
2022-06-01 05:57:32.899	2022-06-01 05:57:32.902	d87f51bd-042d-4278-997f-b9f45f28a0bf	2728349	92091	11503	2022-06-01
2022-06-01 05:57:32.901	2022-06-01 05:57:32.905	f19186ab-e0ab-4e0d-bbd0-5157cd48a497	828038	31119	2701	2022-06-01
2022-06-01 05:57:32.898	2022-06-01 05:57:32.902	a96de528-48cb-4be2-8100-845ad8fdcb2b	2415387	113109	17616	2022-06-01
2022-06-07 05:33:24.196	2022-06-07 05:33:24.201	ec0eb006-91ad-4fe7-b7b7-a883136337e2	1095921	48007	6290	2022-06-07
2022-06-07 05:33:24.215	2022-06-07 05:33:24.221	ade20fd1-6743-4000-8140-9fe054fc464b	1565513	43230	5072	2022-06-07
2022-06-10 08:05:00.637	2022-06-10 08:05:00.658	db09701c-5b3d-425d-b1bf-742c02fe923e	3999450	141766	18987	2022-06-10
2022-06-10 08:05:00.639	2022-06-10 08:05:00.658	406d6f96-c05e-4303-a76d-d3a750c68372	4298783	155054	16495	2022-06-10
2022-06-10 08:05:00.672	2022-06-10 08:05:00.675	e87d119d-6bd0-4a07-b2c4-ba2cf2516f9e	1609695	59807	6258	2022-06-10
2022-06-10 08:05:00.678	2022-06-10 08:05:00.682	1c5e8059-55e2-4fba-b4d1-102f910c8bb2	2017289	56112	5136	2022-06-10
2022-06-10 08:05:00.681	2022-06-10 08:05:00.689	f19186ab-e0ab-4e0d-bbd0-5157cd48a497	839102	31278	2696	2022-06-10
2022-06-12 08:00:43.997	2022-06-12 08:00:44.007	fe16bc85-f506-44fd-8fa9-99bf919bacd9	3555267	92284	4630	2022-06-12
2022-06-12 08:00:43.996	2022-06-12 08:00:44.007	13eb9117-d884-4b07-ae5b-0987b8208202	14609156	642717	32731	2022-06-12
2022-06-12 08:00:44.015	2022-06-12 08:00:44.019	88deded7-0232-4819-9e39-2013dc7cc285	91118	7149	679	2022-06-12
2022-06-12 08:00:44.021	2022-06-12 08:00:44.025	7b58eba6-3a0c-4034-9bf2-b7016ed5338f	15651267	385489	23509	2022-06-12
2022-06-12 08:00:44.031	2022-06-12 08:00:44.035	4d02491e-28dc-458e-a012-c76d5a15e496	5251495	165426	21502	2022-06-12
2022-06-12 08:00:44.036	2022-06-12 08:00:44.04	46de8926-9640-4d42-9f40-3088a34b3fd1	434732	6015	4319	2022-06-12
2022-06-13 06:03:27.476	2022-06-13 06:03:27.486	88a2afc6-3e15-402c-aadc-094c470c35ed	17201616	74889	15013	2022-06-13
2022-06-13 06:03:27.477	2022-06-13 06:03:27.486	884c5d2c-c5ee-4fa2-a516-4f42fb8c9905	1342643	41247	2465	2022-06-13
2022-06-13 06:03:27.477	2022-06-13 06:03:27.486	13eb9117-d884-4b07-ae5b-0987b8208202	14633161	643311	32755	2022-06-13
2022-06-13 06:03:27.492	2022-06-13 06:03:27.497	17d98a07-34f5-4b1e-979e-1ce356994c1f	3968149	97861	11468	2022-06-13
2022-06-13 06:03:27.497	2022-06-13 06:03:27.503	0563e9f0-cc42-43f2-9da0-3e9562d0ea71	2592812	84100	5057	2022-06-13
2022-06-13 06:03:27.505	2022-06-13 06:03:27.509	d57d9e2d-c7ab-4ab1-8d59-66d3d8509a8b	3294730	83893	11145	2022-06-13
2022-06-13 06:03:27.513	2022-06-13 06:03:27.519	1d5f49b8-a20f-4152-970e-3bfb15afa7e7	672019	26058	3432	2022-06-13
2022-06-14 06:10:01.138	2022-06-14 06:10:01.142	9eab2380-df01-44cf-83a8-dab86a6be4da	400256	7547	512	2022-06-14
2022-06-01 05:57:32.898	2022-06-01 05:57:32.9	e703f552-72fb-432a-af06-7844bdf34949	3806365	178473	10413	2022-06-01
2022-06-01 05:57:32.896	2022-06-01 05:57:32.899	b9c517d4-d6e9-429e-b86b-89383cdcedaa	6025646	173482	24205	2022-06-01
2022-06-01 05:57:32.9	2022-06-01 05:57:32.902	ce03228a-e0fb-4bf4-be33-035373d49ed0	5176714	168956	32634	2022-06-01
2022-06-01 05:57:32.903	2022-06-01 05:57:32.905	bfb21ce3-2d6d-4bae-9964-6764a2f13372	10353339	343310	23808	2022-06-01
2022-06-07 05:33:24.193	2022-06-07 05:33:24.199	74dd785f-fa76-4251-9f7a-f63d6b37e37b	3455182	77016	5669	2022-06-07
2022-06-07 05:33:24.209	2022-06-07 05:33:24.221	ce03228a-e0fb-4bf4-be33-035373d49ed0	5193114	169184	32629	2022-06-07
2022-06-07 05:33:24.232	2022-06-07 05:33:24.236	16bf2fec-627c-4a47-9c0e-06ded47b4d60	1013385	35988	2680	2022-06-07
2022-06-10 08:05:00.64	2022-06-10 08:05:00.658	74d3c228-3554-40a6-b5f8-944444ebc3ba	1407888	29930	2163	2022-06-10
2022-06-10 08:05:00.639	2022-06-10 08:05:00.658	c2d2ba8e-f6dd-407b-aa1e-24bab8888098	1721362	39762	30896	2022-06-10
2022-06-10 08:05:00.672	2022-06-10 08:05:00.676	88deded7-0232-4819-9e39-2013dc7cc285	90992	7147	679	2022-06-10
2022-06-10 08:05:00.677	2022-06-10 08:05:00.683	ec0eb006-91ad-4fe7-b7b7-a883136337e2	1097225	48014	6291	2022-06-10
2022-06-10 08:05:00.688	2022-06-10 08:05:00.696	5a6c02a0-8d65-4efb-a3f1-a0bc25c3a9af	119034	10667	1453	2022-06-10
2022-06-12 08:00:43.997	2022-06-12 08:00:44.007	c2d2ba8e-f6dd-407b-aa1e-24bab8888098	1728653	39882	30926	2022-06-12
2022-06-12 08:00:43.996	2022-06-12 08:00:44.007	841da886-5f4b-4184-aaa8-89e638159ec6	23727229	817290	41705	2022-06-12
2022-06-12 08:00:44.013	2022-06-12 08:00:44.018	84683ea8-478f-48b8-8004-cece493fee98	1987928	64855	6992	2022-06-12
2022-06-12 08:00:44.02	2022-06-12 08:00:44.023	e703f552-72fb-432a-af06-7844bdf34949	5740516	220335	12767	2022-06-12
2022-06-12 08:00:44.019	2022-06-12 08:00:44.028	0563e9f0-cc42-43f2-9da0-3e9562d0ea71	2584098	83884	5053	2022-06-12
2022-06-12 08:00:44.036	2022-06-12 08:00:44.041	ade20fd1-6743-4000-8140-9fe054fc464b	1565950	43231	5073	2022-06-12
2022-06-13 06:03:27.479	2022-06-13 06:03:27.486	81fd3b51-ca00-411e-adcd-1e3b77cbe91b	6001983	211136	8819	2022-06-13
2022-06-13 06:03:27.502	2022-06-13 06:03:27.506	ce03228a-e0fb-4bf4-be33-035373d49ed0	5209972	169384	32612	2022-06-13
2022-06-13 06:03:27.513	2022-06-13 06:03:27.517	5a6c02a0-8d65-4efb-a3f1-a0bc25c3a9af	125687	11067	1512	2022-06-13
2022-06-14 06:10:01.142	2022-06-14 06:10:01.15	c764609e-f0bf-4933-8ddf-6e8e3ddeefc8	642079	17749	3415	2022-06-14
2022-06-01 05:57:32.896	2022-06-01 05:57:32.901	74dd785f-fa76-4251-9f7a-f63d6b37e37b	3450698	76926	5661	2022-06-01
2022-06-07 05:33:24.212	2022-06-07 05:33:24.216	dc865347-8375-43c9-ba67-1bb999f287e8	904548	65166	7609	2022-06-07
2022-06-07 05:33:24.215	2022-06-07 05:33:24.221	c764609e-f0bf-4933-8ddf-6e8e3ddeefc8	593662	17007	3324	2022-06-07
2022-06-10 08:05:00.639	2022-06-10 08:05:00.658	884c5d2c-c5ee-4fa2-a516-4f42fb8c9905	1338896	41167	2458	2022-06-10
2022-06-10 08:05:00.664	2022-06-10 08:05:00.672	a4e59c4a-c362-4721-8036-b612d42a3f17	1660723	12271	1207	2022-06-10
2022-06-10 08:05:00.674	2022-06-10 08:05:00.678	74dd785f-fa76-4251-9f7a-f63d6b37e37b	3457873	77075	5670	2022-06-10
2022-06-10 08:05:00.683	2022-06-10 08:05:00.689	6a77c550-9a4f-409a-8865-6105e2b59379	2698185	118954	11876	2022-06-10
2022-06-10 08:05:00.692	2022-06-10 08:05:00.697	cc479880-7eac-417f-aa20-2bdb51beba31	24728233	370086	27406	2022-06-10
2022-06-12 08:00:43.997	2022-06-12 08:00:44.007	db09701c-5b3d-425d-b1bf-742c02fe923e	4005093	141825	18996	2022-06-12
2022-06-12 08:00:43.998	2022-06-12 08:00:44.007	74d3c228-3554-40a6-b5f8-944444ebc3ba	1408389	29937	2164	2022-06-12
2022-06-12 08:00:44.017	2022-06-12 08:00:44.023	a4e59c4a-c362-4721-8036-b612d42a3f17	1661206	12278	1209	2022-06-12
2022-06-12 08:00:44.024	2022-06-12 08:00:44.031	f19186ab-e0ab-4e0d-bbd0-5157cd48a497	840678	31297	2696	2022-06-12
2022-06-13 06:03:27.477	2022-06-13 06:03:27.486	74d3c228-3554-40a6-b5f8-944444ebc3ba	1408709	29940	2164	2022-06-13
2022-06-13 06:03:27.492	2022-06-13 06:03:27.497	20d7e49e-782d-4c26-84da-77cacf63fcd6	1359866	35918	1932	2022-06-13
2022-06-13 06:03:27.494	2022-06-13 06:03:27.5	74dd785f-fa76-4251-9f7a-f63d6b37e37b	3460181	77125	5676	2022-06-13
2022-06-13 06:03:27.504	2022-06-13 06:03:27.508	ec0eb006-91ad-4fe7-b7b7-a883136337e2	1098537	48040	6291	2022-06-13
2022-06-15 19:48:55.562	2022-06-15 19:54:40.795	81fd3b51-ca00-411e-adcd-1e3b77cbe91b	6018767	211493	8832	2022-06-15
2022-06-15 19:48:55.562	2022-06-15 19:54:40.797	10e77c85-976b-43e9-bb95-65d5d8b92020	2004409	61878	4737	2022-06-15
2022-06-15 19:48:55.586	2022-06-15 19:54:40.802	17d98a07-34f5-4b1e-979e-1ce356994c1f	3977108	97983	11482	2022-06-15
2022-06-15 19:48:55.589	2022-06-15 19:54:40.803	f33dc980-fc6c-48c4-a82b-e3723441fa8b	3121961	33475	4479	2022-06-15
2022-06-15 19:48:55.606	2022-06-15 19:54:40.813	4d02491e-28dc-458e-a012-c76d5a15e496	5305416	166488	21728	2022-06-15
2022-06-15 19:48:55.611	2022-06-15 19:54:40.817	5a6c02a0-8d65-4efb-a3f1-a0bc25c3a9af	132211	11449	1534	2022-06-15
2022-06-16 16:20:29.709	2022-06-16 16:20:29.719	fe16bc85-f506-44fd-8fa9-99bf919bacd9	3565823	92432	4631	2022-06-16
2022-06-16 16:20:29.709	2022-06-16 16:20:29.719	ccedb919-a463-4114-9a94-1e8491aa1db6	15258903	200922	9207	2022-06-16
2022-06-16 16:20:29.73	2022-06-16 16:20:29.737	0563e9f0-cc42-43f2-9da0-3e9562d0ea71	2614888	84603	5091	2022-06-16
2022-06-16 16:20:29.744	2022-06-16 16:20:29.75	c764609e-f0bf-4933-8ddf-6e8e3ddeefc8	648134	17812	3436	2022-06-16
2022-06-17 09:25:13.541	2022-06-17 09:30:03.799	81fd3b51-ca00-411e-adcd-1e3b77cbe91b	6031976	211737	8835	2022-06-17
2022-06-17 09:25:13.193	2022-06-17 09:30:03.839	b5a112b7-b42b-4e6c-8450-0c5053e7c7a0	275250	13220	1772	2022-06-17
2022-06-20 07:39:00.076	2022-06-20 07:39:00.079	884c5d2c-c5ee-4fa2-a516-4f42fb8c9905	1347628	41380	2465	2022-06-20
2022-06-20 07:39:00.089	2022-06-20 07:39:00.091	e703f552-72fb-432a-af06-7844bdf34949	5860235	222796	12912	2022-06-20
2022-06-20 07:39:00.09	2022-06-20 07:39:00.094	f19186ab-e0ab-4e0d-bbd0-5157cd48a497	848404	31365	2698	2022-06-20
2022-06-20 07:39:00.096	2022-06-20 07:39:00.1	16bf2fec-627c-4a47-9c0e-06ded47b4d60	1020114	36112	2683	2022-06-20
2022-06-21 13:55:42.132	2022-06-21 13:55:42.141	406d6f96-c05e-4303-a76d-d3a750c68372	4318557	155370	16515	2022-06-21
2022-06-21 13:55:42.132	2022-06-21 13:55:42.141	841da886-5f4b-4184-aaa8-89e638159ec6	23839423	819295	41790	2022-06-21
2022-06-21 13:55:42.132	2022-06-21 13:55:42.141	c2d2ba8e-f6dd-407b-aa1e-24bab8888098	1754637	40353	31069	2022-06-21
2022-06-21 13:55:42.146	2022-06-21 13:55:42.149	20d7e49e-782d-4c26-84da-77cacf63fcd6	1363592	35944	1934	2022-06-21
2022-06-21 13:55:42.149	2022-06-21 13:55:42.154	a96de528-48cb-4be2-8100-845ad8fdcb2b	2524316	115060	17794	2022-06-21
2022-06-21 13:55:42.156	2022-06-21 13:55:42.161	ec0eb006-91ad-4fe7-b7b7-a883136337e2	1101661	48101	6295	2022-06-21
2022-06-21 13:55:42.164	2022-06-21 13:55:42.169	c764609e-f0bf-4933-8ddf-6e8e3ddeefc8	660119	17929	3451	2022-06-21
2022-06-22 19:44:25.161	2022-06-22 19:44:25.168	81fd3b51-ca00-411e-adcd-1e3b77cbe91b	6091500	212873	8859	2022-06-22
2022-06-22 19:44:25.16	2022-06-22 19:44:25.168	fe16bc85-f506-44fd-8fa9-99bf919bacd9	3576710	92598	4631	2022-06-22
2022-06-22 19:44:25.173	2022-06-22 19:44:25.176	0505a84b-01d7-4716-a7b2-61b70f18c033	4533147	155815	11970	2022-06-22
2022-06-22 19:44:25.176	2022-06-22 19:44:25.183	a96de528-48cb-4be2-8100-845ad8fdcb2b	2527230	115115	17790	2022-06-22
2022-06-22 19:44:25.187	2022-06-22 19:44:25.191	d53f819c-955a-4ec6-8a14-8b20b3b7d159	867678	20207	2599	2022-06-22
2022-06-22 19:44:25.191	2022-06-22 19:44:25.197	1d5f49b8-a20f-4152-970e-3bfb15afa7e7	729171	26899	3534	2022-06-22
2022-06-23 12:09:47.417	2022-06-23 18:45:42.97	fe16bc85-f506-44fd-8fa9-99bf919bacd9	3578118	92617	4629	2022-06-23
2022-06-23 12:09:47.427	2022-06-23 18:45:42.977	17d98a07-34f5-4b1e-979e-1ce356994c1f	4010427	98430	11520	2022-06-23
2022-06-23 12:09:47.434	2022-06-23 18:45:42.981	a96de528-48cb-4be2-8100-845ad8fdcb2b	2529569	115157	17792	2022-06-23
2022-06-23 12:09:47.435	2022-06-23 18:45:42.982	b9c517d4-d6e9-429e-b86b-89383cdcedaa	6039200	173592	24151	2022-06-23
2022-06-23 12:09:47.45	2022-06-23 18:45:42.995	ade20fd1-6743-4000-8140-9fe054fc464b	1566936	43234	5074	2022-06-23
2022-06-23 12:09:47.412	2022-06-23 18:45:42.992	c2d2ba8e-f6dd-407b-aa1e-24bab8888098	1760636	40477	31099	2022-06-23
2022-06-24 12:24:45.45	2022-06-24 12:24:45.466	841da886-5f4b-4184-aaa8-89e638159ec6	23872969	819917	41831	2022-06-24
2022-06-24 12:24:45.451	2022-06-24 12:24:45.469	884c5d2c-c5ee-4fa2-a516-4f42fb8c9905	1349570	41428	2471	2022-06-24
2022-06-24 12:24:45.475	2022-06-24 12:24:45.494	c2d2ba8e-f6dd-407b-aa1e-24bab8888098	1762391	40494	31098	2022-06-24
2022-06-24 12:24:45.494	2022-06-24 12:24:45.522	0505a84b-01d7-4716-a7b2-61b70f18c033	4544769	156044	11980	2022-06-24
2022-06-24 12:24:45.534	2022-06-24 12:24:45.543	dc865347-8375-43c9-ba67-1bb999f287e8	911149	65268	7608	2022-06-24
2022-06-24 12:24:45.557	2022-06-24 12:24:45.564	5a6c02a0-8d65-4efb-a3f1-a0bc25c3a9af	138209	11642	1552	2022-06-24
2022-06-01 05:57:32.896	2022-06-01 05:57:32.901	a4e59c4a-c362-4721-8036-b612d42a3f17	1659076	12249	1207	2022-06-01
2022-06-01 05:57:32.9	2022-06-01 05:57:32.902	3e379e98-6601-4435-ab23-dcd434560c22	1583980	25741	2680	2022-06-01
2022-06-01 05:57:32.903	2022-06-01 05:57:32.905	6a77c550-9a4f-409a-8865-6105e2b59379	2663463	117931	11824	2022-06-01
2022-06-07 05:33:24.194	2022-06-07 05:33:24.198	e87d119d-6bd0-4a07-b2c4-ba2cf2516f9e	1606386	59712	6255	2022-06-07
2022-06-07 05:33:24.213	2022-06-07 05:33:24.221	4d02491e-28dc-458e-a012-c76d5a15e496	5222380	164733	21378	2022-06-07
2022-06-10 08:05:00.639	2022-06-10 08:05:00.658	88a2afc6-3e15-402c-aadc-094c470c35ed	17134311	74149	14939	2022-06-10
2022-06-02 20:15:23.855	2022-06-02 20:15:23.86	dc865347-8375-43c9-ba67-1bb999f287e8	903577	65143	7608	2022-06-02
2022-06-02 20:15:23.855	2022-06-02 20:15:23.86	4d02491e-28dc-458e-a012-c76d5a15e496	5204389	164245	21305	2022-06-02
2022-06-02 20:15:23.855	2022-06-02 20:15:23.86	16bf2fec-627c-4a47-9c0e-06ded47b4d60	1011284	35953	2679	2022-06-02
2022-06-02 20:15:23.856	2022-06-02 20:15:23.86	ade20fd1-6743-4000-8140-9fe054fc464b	1565061	43229	5070	2022-06-02
2022-06-02 08:54:53.323	2022-06-02 20:15:24.054	13eb9117-d884-4b07-ae5b-0987b8208202	14420885	638355	32389	2022-06-02
2022-06-02 08:54:53.327	2022-06-02 20:15:24.054	fe16bc85-f506-44fd-8fa9-99bf919bacd9	3491606	91211	4607	2022-06-02
2022-06-02 08:54:53.325	2022-06-02 20:15:24.054	ccedb919-a463-4114-9a94-1e8491aa1db6	14755741	196421	9149	2022-06-02
2022-06-02 08:54:53.326	2022-06-02 20:15:24.054	88a2afc6-3e15-402c-aadc-094c470c35ed	17101802	73755	14829	2022-06-02
2022-06-02 08:54:53.322	2022-06-02 20:15:24.054	db09701c-5b3d-425d-b1bf-742c02fe923e	3953017	141145	18948	2022-06-02
2022-06-02 08:54:53.324	2022-06-02 20:15:24.055	10e77c85-976b-43e9-bb95-65d5d8b92020	1989993	61665	4727	2022-06-02
2022-06-02 08:54:53.324	2022-06-02 20:15:24.055	c2d2ba8e-f6dd-407b-aa1e-24bab8888098	1707441	39525	30847	2022-06-02
2022-06-02 08:54:53.326	2022-06-02 20:15:24.054	406d6f96-c05e-4303-a76d-d3a750c68372	4284039	154819	16489	2022-06-02
2022-06-02 08:54:53.324	2022-06-02 20:15:24.054	df652a57-7728-4e08-8f6d-a44dc2fa64bf	416246	9049	2109	2022-06-02
2022-06-02 08:54:53.323	2022-06-02 20:15:24.054	884c5d2c-c5ee-4fa2-a516-4f42fb8c9905	1334145	41048	2452	2022-06-02
2022-06-02 08:54:53.322	2022-06-02 20:15:24.054	81fd3b51-ca00-411e-adcd-1e3b77cbe91b	5964076	210299	8790	2022-06-02
2022-06-02 08:54:53.337	2022-06-02 20:15:24.062	84683ea8-478f-48b8-8004-cece493fee98	1973723	64567	6980	2022-06-02
2022-06-02 08:54:53.343	2022-06-02 20:15:24.064	f33dc980-fc6c-48c4-a82b-e3723441fa8b	3119070	33439	4478	2022-06-02
2022-06-02 08:54:53.339	2022-06-02 20:15:24.062	0505a84b-01d7-4716-a7b2-61b70f18c033	4405220	153467	11856	2022-06-02
2022-06-02 08:54:53.34	2022-06-02 20:15:24.062	88deded7-0232-4819-9e39-2013dc7cc285	90448	7121	673	2022-06-02
2022-06-02 08:54:53.337	2022-06-02 20:15:24.06	17d98a07-34f5-4b1e-979e-1ce356994c1f	3829366	95578	11319	2022-06-02
2022-06-02 08:54:53.346	2022-06-02 20:15:24.067	e703f552-72fb-432a-af06-7844bdf34949	4217176	193826	11303	2022-06-02
2022-06-02 08:54:53.342	2022-06-02 20:15:24.067	b9c517d4-d6e9-429e-b86b-89383cdcedaa	6026050	173483	24203	2022-06-02
2022-06-02 08:54:53.352	2022-06-02 20:15:24.066	e87d119d-6bd0-4a07-b2c4-ba2cf2516f9e	1600365	59554	6226	2022-06-02
2022-06-02 08:54:53.34	2022-06-02 20:15:24.065	20d7e49e-782d-4c26-84da-77cacf63fcd6	1341087	35741	1933	2022-06-02
2022-06-02 08:54:53.342	2022-06-02 20:15:24.068	74dd785f-fa76-4251-9f7a-f63d6b37e37b	3451331	76938	5660	2022-06-02
2022-06-02 08:54:53.34	2022-06-02 20:15:24.066	a96de528-48cb-4be2-8100-845ad8fdcb2b	2439419	113581	17655	2022-06-02
2022-06-02 08:54:53.347	2022-06-02 20:15:24.07	d87f51bd-042d-4278-997f-b9f45f28a0bf	2734292	92153	11507	2022-06-02
2022-06-02 08:54:53.342	2022-06-02 20:15:24.07	0563e9f0-cc42-43f2-9da0-3e9562d0ea71	2530105	82473	4995	2022-06-02
2022-06-02 08:54:53.35	2022-06-02 20:15:24.075	d57d9e2d-c7ab-4ab1-8d59-66d3d8509a8b	3198994	83040	11101	2022-06-02
2022-06-02 08:54:53.346	2022-06-02 20:15:24.069	7b58eba6-3a0c-4034-9bf2-b7016ed5338f	15448143	383190	23435	2022-06-02
2022-06-02 08:54:53.348	2022-06-02 20:15:24.071	ec0eb006-91ad-4fe7-b7b7-a883136337e2	1093359	47967	6290	2022-06-02
2022-06-02 08:54:53.343	2022-06-02 20:15:24.07	a4e59c4a-c362-4721-8036-b612d42a3f17	1659349	12252	1207	2022-06-02
2022-06-02 08:54:53.349	2022-06-02 20:15:24.071	ce03228a-e0fb-4bf4-be33-035373d49ed0	5180964	169010	32635	2022-06-02
2022-06-02 08:54:53.347	2022-06-02 20:15:24.071	3e379e98-6601-4435-ab23-dcd434560c22	1586524	25800	2680	2022-06-02
2022-06-02 08:54:53.348	2022-06-02 20:15:24.071	1c5e8059-55e2-4fba-b4d1-102f910c8bb2	1973969	55756	5109	2022-06-02
2022-06-02 08:54:53.353	2022-06-02 20:15:24.075	bfb21ce3-2d6d-4bae-9964-6764a2f13372	10354415	343326	23806	2022-06-02
2022-06-02 08:54:53.345	2022-06-02 20:15:24.073	f19186ab-e0ab-4e0d-bbd0-5157cd48a497	830640	31162	2700	2022-06-02
2022-06-02 08:54:53.353	2022-06-02 20:15:24.08	6a77c550-9a4f-409a-8865-6105e2b59379	2668752	118074	11835	2022-06-02
2022-06-02 18:54:46.53	2022-06-02 20:15:24.076	d53f819c-955a-4ec6-8a14-8b20b3b7d159	860266	20053	2598	2022-06-02
2022-06-02 08:54:53.325	2022-06-02 20:15:24.083	74d3c228-3554-40a6-b5f8-944444ebc3ba	1404916	29885	2166	2022-06-02
2022-06-02 18:19:15.389	2022-06-02 20:15:24.078	c764609e-f0bf-4933-8ddf-6e8e3ddeefc8	147221	10826	1661	2022-06-02
2022-06-03 08:38:40.805	2022-06-03 08:38:40.814	9eab2380-df01-44cf-83a8-dab86a6be4da	389332	7374	506	2022-06-03
2022-06-10 08:05:00.675	2022-06-10 08:05:00.677	7b58eba6-3a0c-4034-9bf2-b7016ed5338f	15617009	385118	23503	2022-06-10
2022-06-03 08:38:40.806	2022-06-03 08:38:40.814	5a6c02a0-8d65-4efb-a3f1-a0bc25c3a9af	32808	5421	769	2022-06-03
2022-06-03 08:38:40.806	2022-06-03 08:38:40.814	1d5f49b8-a20f-4152-970e-3bfb15afa7e7	169433	10822	1548	2022-06-03
2022-06-03 08:38:41.06	2022-06-03 08:38:41.064	884c5d2c-c5ee-4fa2-a516-4f42fb8c9905	1334545	41056	2453	2022-06-03
2022-06-03 08:38:41.06	2022-06-03 08:38:41.064	df652a57-7728-4e08-8f6d-a44dc2fa64bf	416470	9052	2109	2022-06-03
2022-06-03 08:38:41.06	2022-06-03 08:38:41.064	fe16bc85-f506-44fd-8fa9-99bf919bacd9	3499483	91377	4611	2022-06-03
2022-06-03 08:38:41.059	2022-06-03 08:38:41.064	88a2afc6-3e15-402c-aadc-094c470c35ed	17104205	73766	14836	2022-06-03
2022-06-03 08:38:41.061	2022-06-03 08:38:41.064	ccedb919-a463-4114-9a94-1e8491aa1db6	14767563	196517	9152	2022-06-03
2022-06-03 08:38:41.061	2022-06-03 08:38:41.064	81fd3b51-ca00-411e-adcd-1e3b77cbe91b	5966321	210348	8793	2022-06-03
2022-06-03 08:38:41.06	2022-06-03 08:38:41.064	10e77c85-976b-43e9-bb95-65d5d8b92020	1990934	61678	4727	2022-06-03
2022-06-03 08:38:41.062	2022-06-03 08:38:41.066	406d6f96-c05e-4303-a76d-d3a750c68372	4285458	154836	16490	2022-06-03
2022-06-10 08:05:00.677	2022-06-10 08:05:00.682	d87f51bd-042d-4278-997f-b9f45f28a0bf	2754909	92388	11505	2022-06-10
2022-06-03 08:38:41.061	2022-06-03 08:38:41.068	74d3c228-3554-40a6-b5f8-944444ebc3ba	1405280	29888	2164	2022-06-03
2022-06-03 08:38:41.066	2022-06-03 08:38:41.068	84683ea8-478f-48b8-8004-cece493fee98	1974734	64588	6979	2022-06-03
2022-06-03 08:38:41.061	2022-06-03 08:38:41.065	c2d2ba8e-f6dd-407b-aa1e-24bab8888098	1708345	39539	30852	2022-06-03
2022-06-10 08:05:00.685	2022-06-10 08:05:00.689	dc865347-8375-43c9-ba67-1bb999f287e8	905421	65182	7610	2022-06-10
2022-06-10 08:05:00.686	2022-06-10 08:05:00.69	d53f819c-955a-4ec6-8a14-8b20b3b7d159	863359	20112	2606	2022-06-10
2022-06-12 08:00:43.997	2022-06-12 08:00:44.007	ccedb919-a463-4114-9a94-1e8491aa1db6	15182332	200250	9193	2022-06-12
2022-06-12 08:00:44.014	2022-06-12 08:00:44.018	17d98a07-34f5-4b1e-979e-1ce356994c1f	3963623	97793	11468	2022-06-12
2022-06-12 08:00:44.016	2022-06-12 08:00:44.023	f33dc980-fc6c-48c4-a82b-e3723441fa8b	3121211	33468	4478	2022-06-12
2022-06-12 08:00:44.024	2022-06-12 08:00:44.029	ec0eb006-91ad-4fe7-b7b7-a883136337e2	1098063	48027	6291	2022-06-12
2022-06-03 08:38:41.058	2022-06-03 08:38:41.064	db09701c-5b3d-425d-b1bf-742c02fe923e	3963201	141273	18952	2022-06-03
2022-06-12 08:00:44.034	2022-06-12 08:00:44.038	9eab2380-df01-44cf-83a8-dab86a6be4da	399261	7537	512	2022-06-12
2022-06-03 08:38:41.066	2022-06-03 08:38:41.07	0505a84b-01d7-4716-a7b2-61b70f18c033	4409395	153541	11863	2022-06-03
2022-06-03 08:38:41.069	2022-06-03 08:38:41.074	e87d119d-6bd0-4a07-b2c4-ba2cf2516f9e	1601815	59595	6249	2022-06-03
2022-06-03 08:38:41.067	2022-06-03 08:38:41.07	20d7e49e-782d-4c26-84da-77cacf63fcd6	1345931	35808	1934	2022-06-03
2022-06-03 08:38:41.059	2022-06-03 08:38:41.064	13eb9117-d884-4b07-ae5b-0987b8208202	14433015	638565	32410	2022-06-03
2022-06-03 08:38:41.067	2022-06-03 08:38:41.072	88deded7-0232-4819-9e39-2013dc7cc285	90495	7123	673	2022-06-03
2022-06-03 08:38:41.066	2022-06-03 08:38:41.07	17d98a07-34f5-4b1e-979e-1ce356994c1f	3860035	96138	11353	2022-06-03
2022-06-03 08:38:41.069	2022-06-03 08:38:41.075	0563e9f0-cc42-43f2-9da0-3e9562d0ea71	2531230	82514	4995	2022-06-03
2022-06-03 08:38:41.071	2022-06-03 08:38:41.075	b9c517d4-d6e9-429e-b86b-89383cdcedaa	6026244	173485	24198	2022-06-03
2022-06-13 06:03:27.477	2022-06-13 06:03:27.486	c2d2ba8e-f6dd-407b-aa1e-24bab8888098	1732138	39947	30986	2022-06-13
2022-06-03 08:38:41.068	2022-06-03 08:38:41.076	a96de528-48cb-4be2-8100-845ad8fdcb2b	2444698	113641	17664	2022-06-03
2022-06-03 08:38:41.073	2022-06-03 08:38:41.076	ec0eb006-91ad-4fe7-b7b7-a883136337e2	1093718	47979	6290	2022-06-03
2022-06-07 05:33:24.212	2022-06-07 05:33:24.216	d57d9e2d-c7ab-4ab1-8d59-66d3d8509a8b	3238145	83400	11114	2022-06-07
2022-06-07 05:33:24.22	2022-06-07 05:33:24.223	5a6c02a0-8d65-4efb-a3f1-a0bc25c3a9af	113577	10060	1382	2022-06-07
2022-06-10 08:05:00.662	2022-06-10 08:05:00.671	df652a57-7728-4e08-8f6d-a44dc2fa64bf	420727	9092	2118	2022-06-10
2022-06-10 08:05:00.675	2022-06-10 08:05:00.679	e703f552-72fb-432a-af06-7844bdf34949	5702934	219563	12745	2022-06-10
2022-06-10 08:05:00.683	2022-06-10 08:05:00.687	4d02491e-28dc-458e-a012-c76d5a15e496	5238771	165122	21448	2022-06-10
2022-06-10 08:05:00.689	2022-06-10 08:05:00.692	9eab2380-df01-44cf-83a8-dab86a6be4da	397888	7517	512	2022-06-10
2022-06-12 08:00:43.997	2022-06-12 08:00:44.007	406d6f96-c05e-4303-a76d-d3a750c68372	4302939	155118	16497	2022-06-12
2022-06-12 08:00:44.018	2022-06-12 08:00:44.024	74dd785f-fa76-4251-9f7a-f63d6b37e37b	3459199	77101	5672	2022-06-12
2022-06-12 08:00:44.025	2022-06-12 08:00:44.031	ce03228a-e0fb-4bf4-be33-035373d49ed0	5207245	169353	32612	2022-06-12
2022-06-12 08:00:44.035	2022-06-12 08:00:44.04	5a6c02a0-8d65-4efb-a3f1-a0bc25c3a9af	123355	10956	1499	2022-06-12
2022-06-13 06:03:27.48	2022-06-13 06:03:27.486	10e77c85-976b-43e9-bb95-65d5d8b92020	2001582	61839	4737	2022-06-13
2022-06-13 06:03:27.497	2022-06-13 06:03:27.503	a96de528-48cb-4be2-8100-845ad8fdcb2b	2496511	114540	17737	2022-06-13
2022-06-13 06:03:27.509	2022-06-13 06:03:27.514	6a77c550-9a4f-409a-8865-6105e2b59379	2709437	119304	11903	2022-06-13
2022-06-15 19:48:55.563	2022-06-15 19:54:40.794	ccedb919-a463-4114-9a94-1e8491aa1db6	15246090	200788	9201	2022-06-15
2022-06-15 19:48:55.561	2022-06-15 19:54:40.795	841da886-5f4b-4184-aaa8-89e638159ec6	23768586	818038	41724	2022-06-15
2022-06-15 19:48:55.601	2022-06-15 19:54:40.8	df652a57-7728-4e08-8f6d-a44dc2fa64bf	435842	9391	2136	2022-06-15
2022-06-15 19:48:55.586	2022-06-15 19:54:40.803	0505a84b-01d7-4716-a7b2-61b70f18c033	4481771	154925	11913	2022-06-15
2022-06-15 19:48:55.601	2022-06-15 19:54:40.808	1c5e8059-55e2-4fba-b4d1-102f910c8bb2	2042876	56303	5146	2022-06-15
2022-06-15 19:48:55.598	2022-06-15 19:54:40.811	d87f51bd-042d-4278-997f-b9f45f28a0bf	2763355	92466	11508	2022-06-15
2022-06-15 19:48:55.617	2022-06-15 19:54:40.812	6a77c550-9a4f-409a-8865-6105e2b59379	2718999	119555	11969	2022-06-15
2022-06-16 16:20:29.709	2022-06-16 16:20:29.719	10e77c85-976b-43e9-bb95-65d5d8b92020	2005204	61892	4738	2022-06-16
2022-06-16 16:20:29.707	2022-06-16 16:20:29.719	db09701c-5b3d-425d-b1bf-742c02fe923e	4015193	141935	18977	2022-06-16
2022-06-16 16:20:29.728	2022-06-16 16:20:29.733	f33dc980-fc6c-48c4-a82b-e3723441fa8b	3122109	33477	4479	2022-06-16
2022-06-16 16:20:29.735	2022-06-16 16:20:29.738	d87f51bd-042d-4278-997f-b9f45f28a0bf	2764285	92470	11508	2022-06-16
2022-06-16 16:20:29.738	2022-06-16 16:20:29.743	f19186ab-e0ab-4e0d-bbd0-5157cd48a497	844900	31340	2698	2022-06-16
2022-06-17 09:25:13.541	2022-06-17 09:30:03.797	10e77c85-976b-43e9-bb95-65d5d8b92020	2005969	61899	4737	2022-06-17
2022-06-17 09:25:13.543	2022-06-17 09:30:03.801	13eb9117-d884-4b07-ae5b-0987b8208202	14724409	645622	32871	2022-06-17
2022-06-17 09:25:13.543	2022-06-17 09:30:03.806	c2d2ba8e-f6dd-407b-aa1e-24bab8888098	1743424	40148	31002	2022-06-17
2022-06-17 09:25:13.551	2022-06-17 09:30:03.813	a4e59c4a-c362-4721-8036-b612d42a3f17	1662601	12298	1210	2022-06-17
2022-06-17 09:25:13.548	2022-06-17 09:30:03.815	88deded7-0232-4819-9e39-2013dc7cc285	91742	7179	682	2022-06-17
2022-06-17 09:25:13.559	2022-06-17 09:30:03.824	d57d9e2d-c7ab-4ab1-8d59-66d3d8509a8b	3325808	84080	11160	2022-06-17
2022-06-17 09:25:13.564	2022-06-17 09:30:03.83	4d02491e-28dc-458e-a012-c76d5a15e496	5315244	166678	21789	2022-06-17
2022-06-17 09:25:13.569	2022-06-17 09:30:03.84	4762c5df-c703-4b70-b83e-1000114da1f8	181234	7499	535	2022-06-17
2022-06-20 07:39:00.071	2022-06-20 07:39:00.079	db09701c-5b3d-425d-b1bf-742c02fe923e	4021752	142008	18978	2022-06-20
2022-06-20 07:39:00.09	2022-06-20 07:39:00.093	7b58eba6-3a0c-4034-9bf2-b7016ed5338f	15788966	386941	23565	2022-06-20
2022-06-20 07:39:00.09	2022-06-20 07:39:00.094	ec0eb006-91ad-4fe7-b7b7-a883136337e2	1101224	48092	6294	2022-06-20
2022-06-20 07:39:00.098	2022-06-20 07:39:00.1	dc865347-8375-43c9-ba67-1bb999f287e8	910498	65259	7609	2022-06-20
2022-06-20 07:39:00.105	2022-06-20 07:39:00.108	02978247-aa5e-4021-9e97-12d1b07a24cc	395434	15707	2391	2022-06-20
2022-06-21 13:55:42.133	2022-06-21 13:55:42.141	884c5d2c-c5ee-4fa2-a516-4f42fb8c9905	1348211	41396	2467	2022-06-21
2022-06-21 13:55:42.132	2022-06-21 13:55:42.141	ccedb919-a463-4114-9a94-1e8491aa1db6	15318654	201484	9217	2022-06-21
2022-06-21 13:55:42.131	2022-06-21 13:55:42.141	81fd3b51-ca00-411e-adcd-1e3b77cbe91b	6080419	212682	8853	2022-06-21
2022-06-21 13:55:42.131	2022-06-21 13:55:42.141	db09701c-5b3d-425d-b1bf-742c02fe923e	4023683	142042	18980	2022-06-21
2022-06-21 13:55:42.151	2022-06-21 13:55:42.154	f33dc980-fc6c-48c4-a82b-e3723441fa8b	3123504	33493	4479	2022-06-21
2022-06-21 13:55:42.147	2022-06-21 13:55:42.157	17d98a07-34f5-4b1e-979e-1ce356994c1f	3999496	98281	11502	2022-06-21
2022-06-21 13:55:42.157	2022-06-21 13:55:42.164	f19186ab-e0ab-4e0d-bbd0-5157cd48a497	849732	31372	2698	2022-06-21
2022-06-21 13:55:42.167	2022-06-21 13:55:42.171	5a6c02a0-8d65-4efb-a3f1-a0bc25c3a9af	136679	11603	1552	2022-06-21
2022-06-22 19:44:25.16	2022-06-22 19:44:25.168	ccedb919-a463-4114-9a94-1e8491aa1db6	15332832	201622	9219	2022-06-22
2022-06-22 19:44:25.161	2022-06-22 19:44:25.168	74d3c228-3554-40a6-b5f8-944444ebc3ba	1411449	29974	2159	2022-06-22
2022-06-22 19:44:25.174	2022-06-22 19:44:25.179	a4e59c4a-c362-4721-8036-b612d42a3f17	1663861	12318	1210	2022-06-22
2022-06-22 19:44:25.18	2022-06-22 19:44:25.185	f19186ab-e0ab-4e0d-bbd0-5157cd48a497	850915	31380	2698	2022-06-22
2022-06-22 19:44:25.189	2022-06-22 19:44:25.194	5a6c02a0-8d65-4efb-a3f1-a0bc25c3a9af	137406	11623	1552	2022-06-22
2022-06-23 12:09:47.427	2022-06-23 18:45:42.977	0505a84b-01d7-4716-a7b2-61b70f18c033	4539812	155942	11976	2022-06-23
2022-06-23 12:09:47.413	2022-06-23 18:45:42.973	74d3c228-3554-40a6-b5f8-944444ebc3ba	1411674	29984	2159	2022-06-23
2022-06-23 12:09:47.412	2022-06-23 18:45:42.978	406d6f96-c05e-4303-a76d-d3a750c68372	4321452	155396	16519	2022-06-23
2022-06-23 12:09:47.437	2022-06-23 18:45:42.984	7b58eba6-3a0c-4034-9bf2-b7016ed5338f	15849415	387680	23587	2022-06-23
2022-06-23 12:09:47.439	2022-06-23 18:45:42.984	ec0eb006-91ad-4fe7-b7b7-a883136337e2	1102367	48114	6295	2022-06-23
2022-06-23 12:09:47.458	2022-06-23 18:45:42.997	b5a112b7-b42b-4e6c-8450-0c5053e7c7a0	542334	18561	2627	2022-06-23
2022-06-24 12:24:45.455	2022-06-24 12:24:45.47	88a2afc6-3e15-402c-aadc-094c470c35ed	17371424	76715	15225	2022-06-24
2022-06-24 12:24:45.45	2022-06-24 12:24:45.466	74d3c228-3554-40a6-b5f8-944444ebc3ba	1411833	29986	2159	2022-06-24
2022-06-24 12:24:45.493	2022-06-24 12:24:45.498	20d7e49e-782d-4c26-84da-77cacf63fcd6	1364689	35953	1933	2022-06-24
2022-06-24 12:24:45.501	2022-06-24 12:24:45.512	88deded7-0232-4819-9e39-2013dc7cc285	92337	7205	685	2022-06-24
2022-06-24 12:24:45.449	2022-06-24 12:24:45.528	fe16bc85-f506-44fd-8fa9-99bf919bacd9	3579367	92639	4629	2022-06-24
2022-06-24 12:24:45.552	2022-06-24 12:24:45.562	4762c5df-c703-4b70-b83e-1000114da1f8	184907	7619	538	2022-06-24
2022-06-03 08:38:41.076	2022-06-03 08:38:41.079	1c5e8059-55e2-4fba-b4d1-102f910c8bb2	1977021	55788	5110	2022-06-03
2022-06-03 08:38:41.08	2022-06-03 08:38:41.083	dc865347-8375-43c9-ba67-1bb999f287e8	903678	65145	7608	2022-06-03
2022-06-07 05:33:24.195	2022-06-07 05:33:24.203	f19186ab-e0ab-4e0d-bbd0-5157cd48a497	835635	31223	2698	2022-06-07
2022-06-07 05:33:24.22	2022-06-07 05:33:24.224	1d5f49b8-a20f-4152-970e-3bfb15afa7e7	545755	23125	3126	2022-06-07
2022-06-10 08:05:00.671	2022-06-10 08:05:00.674	17d98a07-34f5-4b1e-979e-1ce356994c1f	3953542	97670	11451	2022-06-10
2022-06-10 08:05:00.679	2022-06-10 08:05:00.684	d57d9e2d-c7ab-4ab1-8d59-66d3d8509a8b	3265223	83635	11131	2022-06-10
2022-06-10 08:05:00.684	2022-06-10 08:05:00.691	c764609e-f0bf-4933-8ddf-6e8e3ddeefc8	621809	17470	3392	2022-06-10
2022-06-12 08:00:44.013	2022-06-12 08:00:44.018	e87d119d-6bd0-4a07-b2c4-ba2cf2516f9e	1611780	59857	6258	2022-06-12
2022-06-12 08:00:44.023	2022-06-12 08:00:44.028	d87f51bd-042d-4278-997f-b9f45f28a0bf	2758719	92430	11507	2022-06-12
2022-06-12 08:00:44.03	2022-06-12 08:00:44.035	bfb21ce3-2d6d-4bae-9964-6764a2f13372	10360620	343413	23808	2022-06-12
2022-06-12 08:00:44.037	2022-06-12 08:00:44.042	4762c5df-c703-4b70-b83e-1000114da1f8	176316	7352	526	2022-06-12
2022-06-13 06:03:27.493	2022-06-13 06:03:27.499	df652a57-7728-4e08-8f6d-a44dc2fa64bf	428536	9257	2127	2022-06-13
2022-06-13 06:03:27.507	2022-06-13 06:03:27.513	bfb21ce3-2d6d-4bae-9964-6764a2f13372	10361324	343428	23807	2022-06-13
2022-06-15 19:48:55.562	2022-06-15 19:54:40.796	88a2afc6-3e15-402c-aadc-094c470c35ed	17277677	75706	15094	2022-06-15
2022-06-15 19:48:55.564	2022-06-15 19:54:40.8	c2d2ba8e-f6dd-407b-aa1e-24bab8888098	1739352	40075	31008	2022-06-15
2022-06-15 19:48:55.589	2022-06-15 19:54:40.805	a4e59c4a-c362-4721-8036-b612d42a3f17	1662250	12292	1210	2022-06-15
2022-06-15 19:48:55.597	2022-06-15 19:54:40.807	7b58eba6-3a0c-4034-9bf2-b7016ed5338f	15710102	386108	23532	2022-06-15
2022-06-15 19:48:55.606	2022-06-15 19:54:40.81	f19186ab-e0ab-4e0d-bbd0-5157cd48a497	844085	31330	2696	2022-06-15
2022-06-16 16:20:29.708	2022-06-16 16:20:29.719	841da886-5f4b-4184-aaa8-89e638159ec6	23777544	818200	41735	2022-06-16
2022-06-16 16:20:29.726	2022-06-16 16:20:29.73	88deded7-0232-4819-9e39-2013dc7cc285	91643	7175	680	2022-06-16
2022-06-16 16:20:29.733	2022-06-16 16:20:29.737	e703f552-72fb-432a-af06-7844bdf34949	5809597	221728	12858	2022-06-16
2022-06-16 16:20:29.734	2022-06-16 16:20:29.741	7b58eba6-3a0c-4034-9bf2-b7016ed5338f	15722899	386225	23535	2022-06-16
2022-06-16 16:20:29.747	2022-06-16 16:20:29.749	9eab2380-df01-44cf-83a8-dab86a6be4da	401289	7559	512	2022-06-16
2022-06-17 09:25:13.54	2022-06-17 09:30:03.799	88a2afc6-3e15-402c-aadc-094c470c35ed	17310208	76026	15139	2022-06-17
2022-06-17 09:25:13.542	2022-06-17 09:30:03.802	ccedb919-a463-4114-9a94-1e8491aa1db6	15269090	201000	9207	2022-06-17
2022-06-17 09:25:13.543	2022-06-17 09:30:03.81	74d3c228-3554-40a6-b5f8-944444ebc3ba	1410037	29960	2164	2022-06-17
2022-06-17 09:25:13.55	2022-06-17 09:30:03.828	0563e9f0-cc42-43f2-9da0-3e9562d0ea71	2618477	84672	5098	2022-06-17
2022-06-17 09:25:13.559	2022-06-17 09:30:03.828	ce03228a-e0fb-4bf4-be33-035373d49ed0	5221818	169511	32604	2022-06-17
2022-06-17 09:25:13.562	2022-06-17 09:30:03.835	6a77c550-9a4f-409a-8865-6105e2b59379	2724668	119678	11975	2022-06-17
2022-06-20 07:39:00.076	2022-06-20 07:39:00.079	13eb9117-d884-4b07-ae5b-0987b8208202	14794528	647418	32954	2022-06-20
2022-06-20 07:39:00.087	2022-06-20 07:39:00.09	b9c517d4-d6e9-429e-b86b-89383cdcedaa	6037365	173577	24153	2022-06-20
2022-06-20 07:39:00.088	2022-06-20 07:39:00.095	a96de528-48cb-4be2-8100-845ad8fdcb2b	2521461	115011	17785	2022-06-20
2022-06-20 07:39:00.104	2022-06-20 07:39:00.107	4762c5df-c703-4b70-b83e-1000114da1f8	182971	7559	538	2022-06-20
2022-06-21 13:55:42.13	2022-06-21 13:55:42.141	88a2afc6-3e15-402c-aadc-094c470c35ed	17355141	76522	15181	2022-06-21
2022-06-22 19:44:25.161	2022-06-22 19:44:25.168	406d6f96-c05e-4303-a76d-d3a750c68372	4320325	155389	16518	2022-06-22
2022-06-22 19:44:25.161	2022-06-22 19:44:25.168	c2d2ba8e-f6dd-407b-aa1e-24bab8888098	1758465	40445	31090	2022-06-22
2022-06-22 19:44:25.174	2022-06-22 19:44:25.179	df652a57-7728-4e08-8f6d-a44dc2fa64bf	441013	9495	2143	2022-06-22
2022-06-22 19:44:25.181	2022-06-22 19:44:25.184	7b58eba6-3a0c-4034-9bf2-b7016ed5338f	15833125	387493	23581	2022-06-22
2022-06-22 19:44:25.187	2022-06-22 19:44:25.191	16bf2fec-627c-4a47-9c0e-06ded47b4d60	1020884	36121	2682	2022-06-22
2022-06-22 19:44:25.194	2022-06-22 19:44:25.198	cc479880-7eac-417f-aa20-2bdb51beba31	28070905	417607	30443	2022-06-22
2022-06-23 12:09:47.411	2022-06-23 18:45:42.968	841da886-5f4b-4184-aaa8-89e638159ec6	23864877	819766	41823	2022-06-23
2022-06-23 12:09:47.412	2022-06-23 18:45:42.969	10e77c85-976b-43e9-bb95-65d5d8b92020	2013503	62001	4737	2022-06-23
2022-06-23 12:09:47.411	2022-06-23 18:45:42.97	884c5d2c-c5ee-4fa2-a516-4f42fb8c9905	1349247	41417	2470	2022-06-23
2022-06-23 12:09:47.429	2022-06-23 18:45:42.978	df652a57-7728-4e08-8f6d-a44dc2fa64bf	441365	9498	2143	2022-06-23
2022-06-23 12:09:47.442	2022-06-23 18:45:42.987	d57d9e2d-c7ab-4ab1-8d59-66d3d8509a8b	3379595	84407	11186	2022-06-23
2022-06-23 12:09:47.452	2022-06-23 18:45:42.99	dc865347-8375-43c9-ba67-1bb999f287e8	911032	65267	7607	2022-06-23
2022-06-23 12:09:47.459	2022-06-23 18:45:43	cc479880-7eac-417f-aa20-2bdb51beba31	28121798	418484	30512	2022-06-23
2022-06-23 12:09:47.432	2022-06-23 18:45:43	74dd785f-fa76-4251-9f7a-f63d6b37e37b	3469532	77318	5687	2022-06-23
2022-06-24 12:24:45.448	2022-06-24 12:24:45.468	13eb9117-d884-4b07-ae5b-0987b8208202	14882123	649744	33051	2022-06-24
2022-06-24 12:24:45.465	2022-06-24 12:24:45.474	db09701c-5b3d-425d-b1bf-742c02fe923e	4027584	142068	18979	2022-06-24
2022-06-24 12:24:45.485	2022-06-24 12:24:45.49	17d98a07-34f5-4b1e-979e-1ce356994c1f	4013646	98462	11525	2022-06-24
2022-06-24 12:24:45.497	2022-06-24 12:24:45.503	81fd3b51-ca00-411e-adcd-1e3b77cbe91b	6104682	213113	8869	2022-06-24
2022-06-24 12:24:45.507	2022-06-24 12:24:45.513	e703f552-72fb-432a-af06-7844bdf34949	5914256	224010	13000	2022-06-24
2022-06-24 12:24:45.51	2022-06-24 12:24:45.523	e87d119d-6bd0-4a07-b2c4-ba2cf2516f9e	1623116	60154	6272	2022-06-24
2022-06-24 12:24:45.518	2022-06-24 12:24:45.524	ce03228a-e0fb-4bf4-be33-035373d49ed0	5243246	169796	32612	2022-06-24
2022-06-24 12:24:45.553	2022-06-24 12:24:45.561	16bf2fec-627c-4a47-9c0e-06ded47b4d60	1021371	36126	2681	2022-06-24
2022-06-03 08:38:41.073	2022-06-03 08:38:41.077	7b58eba6-3a0c-4034-9bf2-b7016ed5338f	15466840	383397	23442	2022-06-03
2022-06-03 08:38:41.08	2022-06-03 08:38:41.084	4d02491e-28dc-458e-a012-c76d5a15e496	5206712	164297	21313	2022-06-03
2022-06-07 05:33:24.206	2022-06-07 05:33:24.21	1c5e8059-55e2-4fba-b4d1-102f910c8bb2	1998128	55981	5118	2022-06-07
2022-06-07 05:33:24.229	2022-06-07 05:33:24.233	46de8926-9640-4d42-9f40-3088a34b3fd1	432576	5989	4313	2022-06-07
2022-06-10 08:05:00.672	2022-06-10 08:05:00.678	0563e9f0-cc42-43f2-9da0-3e9562d0ea71	2559322	83271	5025	2022-06-10
2022-06-12 08:00:44.015	2022-06-12 08:00:44.02	0505a84b-01d7-4716-a7b2-61b70f18c033	4461934	154532	11904	2022-06-12
2022-06-12 08:00:44.028	2022-06-12 08:00:44.032	d53f819c-955a-4ec6-8a14-8b20b3b7d159	864300	20125	2606	2022-06-12
2022-06-12 08:00:44.039	2022-06-12 08:00:44.044	cc479880-7eac-417f-aa20-2bdb51beba31	26734324	388581	28424	2022-06-12
2022-06-13 06:03:27.493	2022-06-13 06:03:27.498	0505a84b-01d7-4716-a7b2-61b70f18c033	4468078	154660	11907	2022-06-13
2022-06-13 06:03:27.495	2022-06-13 06:03:27.509	f33dc980-fc6c-48c4-a82b-e3723441fa8b	3121414	33473	4478	2022-06-13
2022-06-13 06:03:27.514	2022-06-13 06:03:27.518	46de8926-9640-4d42-9f40-3088a34b3fd1	435170	6019	4320	2022-06-13
2022-06-15 19:48:55.563	2022-06-15 19:54:40.795	fe16bc85-f506-44fd-8fa9-99bf919bacd9	3564329	92417	4630	2022-06-15
2022-06-15 19:48:55.564	2022-06-15 19:54:40.797	406d6f96-c05e-4303-a76d-d3a750c68372	4310457	155261	16508	2022-06-15
2022-06-15 19:48:55.585	2022-06-15 19:54:40.798	84683ea8-478f-48b8-8004-cece493fee98	2011546	65507	7015	2022-06-15
2022-06-15 19:48:55.592	2022-06-15 19:54:40.804	74dd785f-fa76-4251-9f7a-f63d6b37e37b	3464870	77219	5684	2022-06-15
2022-06-15 19:48:55.601	2022-06-15 19:54:40.814	3e379e98-6601-4435-ab23-dcd434560c22	1593002	25936	2683	2022-06-15
2022-06-15 19:48:55.616	2022-06-15 19:54:40.818	46de8926-9640-4d42-9f40-3088a34b3fd1	436131	6026	4324	2022-06-15
2022-06-16 16:20:29.709	2022-06-16 16:20:29.719	88a2afc6-3e15-402c-aadc-094c470c35ed	17296669	75883	15123	2022-06-16
2022-06-16 16:20:29.727	2022-06-16 16:20:29.73	17d98a07-34f5-4b1e-979e-1ce356994c1f	3979745	98024	11485	2022-06-16
2022-06-16 16:20:29.729	2022-06-16 16:20:29.735	74dd785f-fa76-4251-9f7a-f63d6b37e37b	3465425	77230	5684	2022-06-16
2022-06-16 16:20:29.737	2022-06-16 16:20:29.74	ce03228a-e0fb-4bf4-be33-035373d49ed0	5219338	169496	32609	2022-06-16
2022-06-16 16:20:29.746	2022-06-16 16:20:29.75	1d5f49b8-a20f-4152-970e-3bfb15afa7e7	698156	26483	3481	2022-06-16
2022-06-17 09:25:13.542	2022-06-17 09:30:03.799	884c5d2c-c5ee-4fa2-a516-4f42fb8c9905	1345956	41335	2463	2022-06-17
2022-06-17 09:25:13.548	2022-06-17 09:30:03.813	17d98a07-34f5-4b1e-979e-1ce356994c1f	3983517	98072	11486	2022-06-17
2022-06-17 09:25:13.542	2022-06-17 09:30:03.814	406d6f96-c05e-4303-a76d-d3a750c68372	4312830	155297	16510	2022-06-17
2022-06-17 09:25:13.554	2022-06-17 09:30:03.819	e703f552-72fb-432a-af06-7844bdf34949	5820637	221946	12876	2022-06-17
2022-06-17 09:25:13.562	2022-06-17 09:30:03.832	16bf2fec-627c-4a47-9c0e-06ded47b4d60	1019165	36095	2681	2022-06-17
2022-06-17 09:25:13.565	2022-06-17 09:30:03.839	ade20fd1-6743-4000-8140-9fe054fc464b	1566326	43232	5073	2022-06-17
2022-06-20 07:39:00.071	2022-06-20 07:39:00.079	81fd3b51-ca00-411e-adcd-1e3b77cbe91b	6064594	212402	8849	2022-06-20
2022-06-20 07:39:00.084	2022-06-20 07:39:00.087	0505a84b-01d7-4716-a7b2-61b70f18c033	4514938	155491	11943	2022-06-20
2022-06-20 07:39:00.096	2022-06-20 07:39:00.098	d53f819c-955a-4ec6-8a14-8b20b3b7d159	867376	20193	2608	2022-06-20
2022-06-20 07:39:00.103	2022-06-20 07:39:00.108	cc479880-7eac-417f-aa20-2bdb51beba31	27913988	414750	30228	2022-06-20
2022-06-21 13:55:42.133	2022-06-21 13:55:42.141	fe16bc85-f506-44fd-8fa9-99bf919bacd9	3574616	92557	4630	2022-06-21
2022-06-21 13:55:42.132	2022-06-21 13:55:42.141	10e77c85-976b-43e9-bb95-65d5d8b92020	2011080	61965	4740	2022-06-21
2022-06-21 13:55:42.148	2022-06-21 13:55:42.153	a4e59c4a-c362-4721-8036-b612d42a3f17	1663543	12310	1210	2022-06-21
2022-06-21 13:55:42.156	2022-06-21 13:55:42.159	1c5e8059-55e2-4fba-b4d1-102f910c8bb2	2061126	56428	5157	2022-06-21
2022-06-21 13:55:42.164	2022-06-21 13:55:42.168	6a77c550-9a4f-409a-8865-6105e2b59379	2738543	119999	11993	2022-06-21
2022-06-21 13:55:42.17	2022-06-21 13:55:42.177	cc479880-7eac-417f-aa20-2bdb51beba31	27994854	416267	30343	2022-06-21
2022-06-22 19:44:25.161	2022-06-22 19:44:25.168	88a2afc6-3e15-402c-aadc-094c470c35ed	17362824	76632	15214	2022-06-22
2022-06-22 19:44:25.16	2022-06-22 19:44:25.168	10e77c85-976b-43e9-bb95-65d5d8b92020	2012506	61986	4737	2022-06-22
2022-06-22 19:44:25.174	2022-06-22 19:44:25.177	88deded7-0232-4819-9e39-2013dc7cc285	92199	7202	684	2022-06-22
2022-06-22 19:44:25.179	2022-06-22 19:44:25.183	e87d119d-6bd0-4a07-b2c4-ba2cf2516f9e	1621607	60105	6278	2022-06-22
2022-06-22 19:44:25.182	2022-06-22 19:44:25.187	ec0eb006-91ad-4fe7-b7b7-a883136337e2	1102069	48110	6296	2022-06-22
2022-06-22 19:44:25.188	2022-06-22 19:44:25.193	c764609e-f0bf-4933-8ddf-6e8e3ddeefc8	662383	17960	3454	2022-06-22
2022-06-23 12:09:47.412	2022-06-23 18:45:42.969	13eb9117-d884-4b07-ae5b-0987b8208202	14868684	649392	33026	2022-06-23
2022-06-23 12:09:47.411	2022-06-23 18:45:42.97	88a2afc6-3e15-402c-aadc-094c470c35ed	17367652	76682	15220	2022-06-23
2022-06-23 12:09:47.433	2022-06-23 18:45:42.977	88deded7-0232-4819-9e39-2013dc7cc285	92262	7205	685	2022-06-23
2022-06-23 12:09:47.428	2022-06-23 18:45:42.979	20d7e49e-782d-4c26-84da-77cacf63fcd6	1364598	35953	1933	2022-06-23
2022-06-23 12:09:47.44	2022-06-23 18:45:42.983	d87f51bd-042d-4278-997f-b9f45f28a0bf	2771250	92523	11508	2022-06-23
2022-06-23 12:09:47.44	2022-06-23 18:45:42.989	f19186ab-e0ab-4e0d-bbd0-5157cd48a497	851863	31389	2698	2022-06-23
2022-06-24 12:24:45.451	2022-06-24 12:24:45.474	406d6f96-c05e-4303-a76d-d3a750c68372	4322362	155420	16521	2022-06-24
2022-06-24 12:24:45.485	2022-06-24 12:24:45.493	a4e59c4a-c362-4721-8036-b612d42a3f17	1664641	12333	1211	2022-06-24
2022-06-24 12:24:45.501	2022-06-24 12:24:45.509	74dd785f-fa76-4251-9f7a-f63d6b37e37b	3469817	77323	5686	2022-06-24
2022-06-24 12:24:45.524	2022-06-24 12:24:45.53	d57d9e2d-c7ab-4ab1-8d59-66d3d8509a8b	3386381	84442	11185	2022-06-24
2022-06-24 12:24:45.538	2022-06-24 12:24:45.552	f19186ab-e0ab-4e0d-bbd0-5157cd48a497	852683	31398	2699	2022-06-24
2022-06-03 08:38:41.076	2022-06-03 08:38:41.079	ce03228a-e0fb-4bf4-be33-035373d49ed0	5182479	169033	32640	2022-06-03
2022-06-03 08:38:41.079	2022-06-03 08:38:41.084	d53f819c-955a-4ec6-8a14-8b20b3b7d159	860588	20055	2598	2022-06-03
2022-06-07 05:33:24.211	2022-06-07 05:33:24.216	3e379e98-6601-4435-ab23-dcd434560c22	1589295	25856	2681	2022-06-07
2022-06-10 08:05:00.68	2022-06-10 08:05:00.683	ce03228a-e0fb-4bf4-be33-035373d49ed0	5201171	169291	32620	2022-06-10
2022-06-10 08:05:00.69	2022-06-10 08:05:00.695	ade20fd1-6743-4000-8140-9fe054fc464b	1565747	43231	5073	2022-06-10
2022-06-12 08:00:44.018	2022-06-12 08:00:44.025	a96de528-48cb-4be2-8100-845ad8fdcb2b	2493308	114487	17728	2022-06-12
2022-06-13 06:03:27.499	2022-06-13 06:03:27.503	b9c517d4-d6e9-429e-b86b-89383cdcedaa	6031863	173532	24175	2022-06-13
2022-06-13 06:03:27.509	2022-06-13 06:03:27.511	dc865347-8375-43c9-ba67-1bb999f287e8	907105	65198	7613	2022-06-13
2022-06-13 06:03:27.515	2022-06-13 06:03:27.518	9eab2380-df01-44cf-83a8-dab86a6be4da	399740	7541	512	2022-06-13
2022-06-15 19:48:55.567	2022-06-15 19:54:40.795	13eb9117-d884-4b07-ae5b-0987b8208202	14689513	644836	32829	2022-06-15
2022-06-15 19:48:55.562	2022-06-15 19:54:40.796	884c5d2c-c5ee-4fa2-a516-4f42fb8c9905	1344997	41296	2468	2022-06-15
2022-06-15 19:48:55.592	2022-06-15 19:54:40.804	b9c517d4-d6e9-429e-b86b-89383cdcedaa	6034370	173551	24166	2022-06-15
2022-06-15 19:48:55.589	2022-06-15 19:54:40.807	a96de528-48cb-4be2-8100-845ad8fdcb2b	2506382	114758	17759	2022-06-15
2022-06-15 19:48:55.606	2022-06-15 19:54:40.816	bfb21ce3-2d6d-4bae-9964-6764a2f13372	10363147	343466	23808	2022-06-15
2022-06-16 16:20:29.709	2022-06-16 16:20:29.719	c2d2ba8e-f6dd-407b-aa1e-24bab8888098	1741532	40114	31000	2022-06-16
2022-06-16 16:20:29.709	2022-06-16 16:20:29.719	81fd3b51-ca00-411e-adcd-1e3b77cbe91b	6025006	211614	8833	2022-06-16
2022-06-16 16:20:29.729	2022-06-16 16:20:29.734	df652a57-7728-4e08-8f6d-a44dc2fa64bf	437155	9414	2140	2022-06-16
2022-06-16 16:20:29.735	2022-06-16 16:20:29.74	ec0eb006-91ad-4fe7-b7b7-a883136337e2	1099823	48071	6292	2022-06-16
2022-06-16 16:20:29.746	2022-06-16 16:20:29.751	4762c5df-c703-4b70-b83e-1000114da1f8	180669	7480	535	2022-06-16
2022-06-17 09:25:13.541	2022-06-17 09:30:03.8	841da886-5f4b-4184-aaa8-89e638159ec6	23786559	818348	41738	2022-06-17
2022-06-17 09:25:13.549	2022-06-17 09:30:03.804	84683ea8-478f-48b8-8004-cece493fee98	2020325	65701	7023	2022-06-17
2022-06-17 09:25:13.549	2022-06-17 09:30:03.811	0505a84b-01d7-4716-a7b2-61b70f18c033	4491759	155088	11923	2022-06-17
2022-06-17 09:25:13.55	2022-06-17 09:30:03.816	a96de528-48cb-4be2-8100-845ad8fdcb2b	2512638	114855	17769	2022-06-17
2022-06-17 09:25:13.558	2022-06-17 09:30:03.824	1c5e8059-55e2-4fba-b4d1-102f910c8bb2	2048202	56339	5144	2022-06-17
2022-06-17 09:25:13.562	2022-06-17 09:30:03.829	ec0eb006-91ad-4fe7-b7b7-a883136337e2	1100093	48078	6292	2022-06-17
2022-06-20 07:39:00.082	2022-06-20 07:39:00.084	84683ea8-478f-48b8-8004-cece493fee98	2032803	66034	7026	2022-06-20
2022-06-20 07:39:00.083	2022-06-20 07:39:00.087	20d7e49e-782d-4c26-84da-77cacf63fcd6	1363104	35945	1933	2022-06-20
2022-06-20 07:39:00.093	2022-06-20 07:39:00.096	d57d9e2d-c7ab-4ab1-8d59-66d3d8509a8b	3352249	84217	11173	2022-06-20
2022-06-20 07:39:00.1	2022-06-20 07:39:00.104	1d5f49b8-a20f-4152-970e-3bfb15afa7e7	717484	26744	3520	2022-06-20
2022-06-21 13:55:42.134	2022-06-21 13:55:42.141	74d3c228-3554-40a6-b5f8-944444ebc3ba	1411138	29969	2159	2022-06-21
2022-06-21 13:55:42.147	2022-06-21 13:55:42.152	df652a57-7728-4e08-8f6d-a44dc2fa64bf	440361	9482	2142	2022-06-21
2022-06-21 13:55:42.154	2022-06-21 13:55:42.157	e703f552-72fb-432a-af06-7844bdf34949	5875529	223167	12937	2022-06-21
2022-06-21 13:55:42.16	2022-06-21 13:55:42.163	d57d9e2d-c7ab-4ab1-8d59-66d3d8509a8b	3360944	84278	11178	2022-06-21
2022-06-21 13:55:42.163	2022-06-21 13:55:42.166	dc865347-8375-43c9-ba67-1bb999f287e8	910687	65262	7608	2022-06-21
2022-06-21 13:55:42.168	2022-06-21 13:55:42.172	9eab2380-df01-44cf-83a8-dab86a6be4da	403131	7581	511	2022-06-21
2022-06-22 19:44:25.161	2022-06-22 19:44:25.168	13eb9117-d884-4b07-ae5b-0987b8208202	14849574	648930	33015	2022-06-22
2022-06-22 19:44:25.16	2022-06-22 19:44:25.168	db09701c-5b3d-425d-b1bf-742c02fe923e	4025444	142057	18981	2022-06-22
2022-06-22 19:44:25.176	2022-06-22 19:44:25.18	f33dc980-fc6c-48c4-a82b-e3723441fa8b	3123903	33499	4479	2022-06-22
2022-06-22 19:44:25.175	2022-06-22 19:44:25.181	0563e9f0-cc42-43f2-9da0-3e9562d0ea71	2633849	84937	5110	2022-06-22
2022-06-22 19:44:25.184	2022-06-22 19:44:25.191	3e379e98-6601-4435-ab23-dcd434560c22	1594591	25976	2686	2022-06-22
2022-06-22 19:44:25.193	2022-06-22 19:44:25.199	46de8926-9640-4d42-9f40-3088a34b3fd1	438788	6054	4334	2022-06-22
2022-06-23 12:09:47.411	2022-06-23 18:45:42.968	db09701c-5b3d-425d-b1bf-742c02fe923e	4026651	142065	18978	2022-06-23
2022-06-23 12:09:47.426	2022-06-23 18:45:42.975	84683ea8-478f-48b8-8004-cece493fee98	2040329	66208	7030	2022-06-23
2022-06-23 12:09:47.431	2022-06-23 18:45:42.982	a4e59c4a-c362-4721-8036-b612d42a3f17	1664202	12325	1211	2022-06-23
2022-06-23 12:09:47.449	2022-06-23 18:45:42.983	0563e9f0-cc42-43f2-9da0-3e9562d0ea71	2636125	84989	5114	2022-06-23
2022-06-24 12:24:45.465	2022-06-24 12:24:45.474	10e77c85-976b-43e9-bb95-65d5d8b92020	2014167	62008	4741	2022-06-24
2022-06-24 12:24:45.486	2022-06-24 12:24:45.502	0563e9f0-cc42-43f2-9da0-3e9562d0ea71	2637873	85033	5116	2022-06-24
2022-06-24 12:24:45.518	2022-06-24 12:24:45.526	1c5e8059-55e2-4fba-b4d1-102f910c8bb2	2068454	56483	5156	2022-06-24
2022-06-24 12:24:45.538	2022-06-24 12:24:45.55	ade20fd1-6743-4000-8140-9fe054fc464b	1567009	43234	5074	2022-06-24
2022-06-03 08:38:41.077	2022-06-03 08:38:41.079	d57d9e2d-c7ab-4ab1-8d59-66d3d8509a8b	3203359	83064	11095	2022-06-03
2022-06-03 08:38:41.07	2022-06-03 08:38:41.083	f33dc980-fc6c-48c4-a82b-e3723441fa8b	3119191	33441	4478	2022-06-03
2022-06-07 05:33:24.221	2022-06-07 05:33:24.226	a4e59c4a-c362-4721-8036-b612d42a3f17	1660190	12266	1207	2022-06-07
2022-06-10 08:05:00.684	2022-06-10 08:05:00.69	16bf2fec-627c-4a47-9c0e-06ded47b4d60	1014910	36019	2679	2022-06-10
2022-06-12 08:00:44.027	2022-06-12 08:00:44.031	1c5e8059-55e2-4fba-b4d1-102f910c8bb2	2029088	56213	5140	2022-06-12
2022-06-13 06:03:27.499	2022-06-13 06:03:27.503	e703f552-72fb-432a-af06-7844bdf34949	5760135	220751	12800	2022-06-13
2022-06-13 06:03:27.508	2022-06-13 06:03:27.513	d53f819c-955a-4ec6-8a14-8b20b3b7d159	866236	20151	2608	2022-06-13
2022-06-13 06:03:27.519	2022-06-13 06:03:27.523	cc479880-7eac-417f-aa20-2bdb51beba31	27046601	396270	29000	2022-06-13
2022-06-15 19:48:55.568	2022-06-15 19:54:40.8	74d3c228-3554-40a6-b5f8-944444ebc3ba	1409587	29953	2163	2022-06-15
2022-06-15 19:48:55.591	2022-06-15 19:54:40.802	e87d119d-6bd0-4a07-b2c4-ba2cf2516f9e	1615615	59949	6267	2022-06-15
2022-06-15 19:48:55.61	2022-06-15 19:54:40.815	16bf2fec-627c-4a47-9c0e-06ded47b4d60	1018615	36086	2682	2022-06-15
2022-06-15 19:48:55.594	2022-06-15 19:54:40.81	0563e9f0-cc42-43f2-9da0-3e9562d0ea71	2610808	84509	5086	2022-06-15
2022-06-15 19:48:55.618	2022-06-15 19:54:40.821	cc479880-7eac-417f-aa20-2bdb51beba31	27501260	406742	29582	2022-06-15
2022-06-16 16:20:29.711	2022-06-16 16:20:29.719	74d3c228-3554-40a6-b5f8-944444ebc3ba	1409846	29956	2163	2022-06-16
2022-06-16 16:20:29.725	2022-06-16 16:20:29.729	20d7e49e-782d-4c26-84da-77cacf63fcd6	1361660	35935	1932	2022-06-16
2022-06-16 16:20:29.729	2022-06-16 16:20:29.737	a96de528-48cb-4be2-8100-845ad8fdcb2b	2509462	114805	17765	2022-06-16
2022-06-16 16:20:29.74	2022-06-16 16:20:29.748	bfb21ce3-2d6d-4bae-9964-6764a2f13372	10363696	343474	23808	2022-06-16
2022-06-17 09:25:13.542	2022-06-17 09:30:03.801	fe16bc85-f506-44fd-8fa9-99bf919bacd9	3567246	92445	4631	2022-06-17
2022-06-17 09:25:13.553	2022-06-17 09:30:03.817	b9c517d4-d6e9-429e-b86b-89383cdcedaa	6035595	173557	24152	2022-06-17
2022-06-17 09:25:13.552	2022-06-17 09:30:03.816	74dd785f-fa76-4251-9f7a-f63d6b37e37b	3465951	77239	5686	2022-06-17
2022-06-17 09:25:13.561	2022-06-17 09:30:03.837	3e379e98-6601-4435-ab23-dcd434560c22	1593385	25948	2684	2022-06-17
2022-06-20 07:39:00.075	2022-06-20 07:39:00.079	ccedb919-a463-4114-9a94-1e8491aa1db6	15304146	201336	9215	2022-06-20
2022-06-20 07:39:00.083	2022-06-20 07:39:00.086	17d98a07-34f5-4b1e-979e-1ce356994c1f	3995786	98234	11500	2022-06-20
2022-06-20 07:39:00.092	2022-06-20 07:39:00.094	1c5e8059-55e2-4fba-b4d1-102f910c8bb2	2057801	56406	5152	2022-06-20
2022-06-20 07:39:00.102	2022-06-20 07:39:00.105	b5a112b7-b42b-4e6c-8450-0c5053e7c7a0	504433	17881	2491	2022-06-20
2022-06-20 07:39:00.105	2022-06-20 07:39:00.108	46de8926-9640-4d42-9f40-3088a34b3fd1	437855	6049	4330	2022-06-20
2022-06-21 13:55:42.132	2022-06-21 13:55:42.141	13eb9117-d884-4b07-ae5b-0987b8208202	14822209	648194	32966	2022-06-21
2022-06-21 13:55:42.15	2022-06-21 13:55:42.153	e87d119d-6bd0-4a07-b2c4-ba2cf2516f9e	1620570	60076	6278	2022-06-21
2022-06-21 13:55:42.155	2022-06-21 13:55:42.158	7b58eba6-3a0c-4034-9bf2-b7016ed5338f	15811350	387248	23573	2022-06-21
2022-06-21 13:55:42.158	2022-06-21 13:55:42.162	ce03228a-e0fb-4bf4-be33-035373d49ed0	5234711	169675	32613	2022-06-21
2022-06-21 13:55:42.161	2022-06-21 13:55:42.168	bfb21ce3-2d6d-4bae-9964-6764a2f13372	10366977	343545	23807	2022-06-21
2022-06-21 13:55:42.172	2022-06-21 13:55:42.176	02978247-aa5e-4021-9e97-12d1b07a24cc	411431	16062	2456	2022-06-21
2022-06-22 19:44:25.161	2022-06-22 19:44:25.168	841da886-5f4b-4184-aaa8-89e638159ec6	23853987	819568	41807	2022-06-22
2022-06-22 19:44:25.174	2022-06-22 19:44:25.177	17d98a07-34f5-4b1e-979e-1ce356994c1f	4005501	98365	11512	2022-06-22
2022-06-22 19:44:25.179	2022-06-22 19:44:25.183	e703f552-72fb-432a-af06-7844bdf34949	5891497	223526	12972	2022-06-22
2022-06-22 19:44:25.182	2022-06-22 19:44:25.185	d57d9e2d-c7ab-4ab1-8d59-66d3d8509a8b	3371229	84357	11184	2022-06-22
2022-06-22 19:44:25.187	2022-06-22 19:44:25.191	6a77c550-9a4f-409a-8865-6105e2b59379	2742001	120078	11994	2022-06-22
2022-06-23 12:09:47.412	2022-06-23 18:45:42.973	81fd3b51-ca00-411e-adcd-1e3b77cbe91b	6099264	213024	8862	2022-06-23
2022-06-23 12:09:47.434	2022-06-23 18:45:42.982	f33dc980-fc6c-48c4-a82b-e3723441fa8b	3124122	33501	4478	2022-06-23
2022-06-23 12:09:47.439	2022-06-23 18:45:42.986	1c5e8059-55e2-4fba-b4d1-102f910c8bb2	2066892	56460	5159	2022-06-23
2022-06-23 12:09:47.455	2022-06-23 18:45:42.998	5a6c02a0-8d65-4efb-a3f1-a0bc25c3a9af	137849	11636	1552	2022-06-23
2022-06-24 12:24:45.475	2022-06-24 12:24:45.48	84683ea8-478f-48b8-8004-cece493fee98	2041417	66233	7031	2022-06-24
2022-06-24 12:24:45.49	2022-06-24 12:24:45.508	a96de528-48cb-4be2-8100-845ad8fdcb2b	2531590	115173	17795	2022-06-24
2022-06-24 12:24:45.539	2022-06-24 12:24:45.545	7b58eba6-3a0c-4034-9bf2-b7016ed5338f	15861189	387825	23594	2022-06-24
2022-06-24 12:24:45.551	2022-06-24 12:24:45.56	b5a112b7-b42b-4e6c-8450-0c5053e7c7a0	513231	18646	2688	2022-06-24
2022-06-24 12:24:45.584	2022-06-24 12:24:45.595	1d5f49b8-a20f-4152-970e-3bfb15afa7e7	738978	27006	3545	2022-06-24
2022-06-03 08:38:41.076	2022-06-03 08:38:41.078	d87f51bd-042d-4278-997f-b9f45f28a0bf	2736315	92170	11501	2022-06-03
2022-06-03 08:38:41.073	2022-06-03 08:38:41.076	e703f552-72fb-432a-af06-7844bdf34949	4412475	198068	11552	2022-06-03
2022-06-03 08:38:41.079	2022-06-03 08:38:41.084	16bf2fec-627c-4a47-9c0e-06ded47b4d60	1011506	35958	2679	2022-06-03
2022-06-03 08:38:41.08	2022-06-03 08:38:41.084	bfb21ce3-2d6d-4bae-9964-6764a2f13372	10354763	343332	23804	2022-06-03
2022-06-08 06:04:12.873	2022-06-08 12:23:32.458	fe16bc85-f506-44fd-8fa9-99bf919bacd9	3538434	92039	4630	2022-06-08
2022-06-08 06:04:12.872	2022-06-08 12:23:32.458	db09701c-5b3d-425d-b1bf-742c02fe923e	3993577	141699	18976	2022-06-08
2022-06-08 06:04:12.888	2022-06-08 12:23:32.468	0505a84b-01d7-4716-a7b2-61b70f18c033	4440362	154081	11891	2022-06-08
2022-06-08 06:04:12.899	2022-06-08 12:23:32.477	1c5e8059-55e2-4fba-b4d1-102f910c8bb2	2003689	56029	5118	2022-06-08
2022-06-08 06:04:12.904	2022-06-08 12:23:32.483	6a77c550-9a4f-409a-8865-6105e2b59379	2691165	118725	11861	2022-06-08
2022-06-08 06:04:12.917	2022-06-08 12:23:32.487	1d5f49b8-a20f-4152-970e-3bfb15afa7e7	580893	24176	3289	2022-06-08
2022-06-09 08:44:34.96	2022-06-09 08:55:57.462	db09701c-5b3d-425d-b1bf-742c02fe923e	3996720	141736	18983	2022-06-09
2022-06-09 08:44:34.992	2022-06-09 08:55:57.474	84683ea8-478f-48b8-8004-cece493fee98	1984258	64790	6989	2022-06-09
2022-06-09 08:44:34.958	2022-06-09 08:55:57.463	10e77c85-976b-43e9-bb95-65d5d8b92020	1997256	61763	4731	2022-06-09
2022-06-09 08:44:34.996	2022-06-09 08:55:57.489	df652a57-7728-4e08-8f6d-a44dc2fa64bf	420202	9086	2111	2022-06-09
2022-06-09 08:44:35.025	2022-06-09 08:55:57.514	7b58eba6-3a0c-4034-9bf2-b7016ed5338f	15600163	384934	23499	2022-06-09
2022-06-09 08:44:35.054	2022-06-09 08:55:57.553	c764609e-f0bf-4933-8ddf-6e8e3ddeefc8	614196	17361	3379	2022-06-09
2022-06-10 08:05:00.691	2022-06-10 08:05:00.695	4762c5df-c703-4b70-b83e-1000114da1f8	174692	7250	518	2022-06-10
2022-06-12 08:00:44.031	2022-06-12 08:00:44.036	16bf2fec-627c-4a47-9c0e-06ded47b4d60	1016143	36038	2680	2022-06-12
2022-06-13 06:03:27.501	2022-06-13 06:03:27.504	7b58eba6-3a0c-4034-9bf2-b7016ed5338f	15668098	385691	23514	2022-06-13
2022-06-13 06:03:27.51	2022-06-13 06:03:27.517	c764609e-f0bf-4933-8ddf-6e8e3ddeefc8	638285	17690	3421	2022-06-13
2022-06-15 19:48:55.562	2022-06-15 19:54:40.794	db09701c-5b3d-425d-b1bf-742c02fe923e	4013618	141916	18976	2022-06-15
2022-06-15 19:48:55.594	2022-06-15 19:54:40.805	e703f552-72fb-432a-af06-7844bdf34949	5797692	221513	12850	2022-06-15
2022-06-15 19:48:55.6	2022-06-15 19:54:40.81	ec0eb006-91ad-4fe7-b7b7-a883136337e2	1099566	48060	6292	2022-06-15
2022-06-15 19:48:55.614	2022-06-15 19:54:40.819	9eab2380-df01-44cf-83a8-dab86a6be4da	400935	7557	512	2022-06-15
2022-06-15 19:48:55.613	2022-06-15 19:54:40.819	1d5f49b8-a20f-4152-970e-3bfb15afa7e7	692874	26408	3491	2022-06-15
2022-06-16 16:20:29.711	2022-06-16 16:20:29.719	13eb9117-d884-4b07-ae5b-0987b8208202	14707620	645272	32849	2022-06-16
2022-06-16 16:20:29.726	2022-06-16 16:20:29.73	84683ea8-478f-48b8-8004-cece493fee98	2016457	65622	7019	2022-06-16
2022-06-16 16:20:29.728	2022-06-16 16:20:29.732	a4e59c4a-c362-4721-8036-b612d42a3f17	1662416	12297	1210	2022-06-16
2022-06-16 16:20:29.74	2022-06-16 16:20:29.743	16bf2fec-627c-4a47-9c0e-06ded47b4d60	1018919	36094	2682	2022-06-16
2022-06-16 16:20:29.747	2022-06-16 16:20:29.75	cc479880-7eac-417f-aa20-2bdb51beba31	27598986	408774	29745	2022-06-16
2022-06-17 09:25:13.54	2022-06-17 09:30:03.796	db09701c-5b3d-425d-b1bf-742c02fe923e	4016553	141948	18979	2022-06-17
2022-06-17 09:25:13.549	2022-06-17 09:30:03.807	df652a57-7728-4e08-8f6d-a44dc2fa64bf	437897	9427	2140	2022-06-17
2022-06-17 09:25:13.553	2022-06-17 09:30:03.813	f33dc980-fc6c-48c4-a82b-e3723441fa8b	3122297	33483	4479	2022-06-17
2022-06-17 09:25:13.561	2022-06-17 09:30:03.831	d53f819c-955a-4ec6-8a14-8b20b3b7d159	866875	20184	2608	2022-06-17
2022-06-17 09:25:13.566	2022-06-17 09:30:03.839	1d5f49b8-a20f-4152-970e-3bfb15afa7e7	702657	26543	3492	2022-06-17
2022-06-20 07:39:00.072	2022-06-20 07:39:00.079	10e77c85-976b-43e9-bb95-65d5d8b92020	2009467	61942	4739	2022-06-20
2022-06-20 07:39:00.086	2022-06-20 07:39:00.089	74dd785f-fa76-4251-9f7a-f63d6b37e37b	3467852	77282	5686	2022-06-20
2022-06-20 07:39:00.097	2022-06-20 07:39:00.102	c764609e-f0bf-4933-8ddf-6e8e3ddeefc8	657797	17913	3446	2022-06-20
2022-06-21 13:55:42.145	2022-06-21 13:55:42.148	84683ea8-478f-48b8-8004-cece493fee98	2035926	66110	7028	2022-06-21
2022-06-21 13:55:42.149	2022-06-21 13:55:42.155	74dd785f-fa76-4251-9f7a-f63d6b37e37b	3468507	77300	5687	2022-06-21
2022-06-21 13:55:42.162	2022-06-21 13:55:42.165	4d02491e-28dc-458e-a012-c76d5a15e496	5333521	167069	21839	2022-06-21
2022-06-21 13:55:42.166	2022-06-21 13:55:42.173	b9c517d4-d6e9-429e-b86b-89383cdcedaa	6038170	173579	24152	2022-06-21
2022-06-21 13:55:42.176	2022-06-21 13:55:42.18	1d5f49b8-a20f-4152-970e-3bfb15afa7e7	723228	26818	3529	2022-06-21
2022-06-22 19:44:25.161	2022-06-22 19:44:25.168	884c5d2c-c5ee-4fa2-a516-4f42fb8c9905	1348789	41406	2468	2022-06-22
2022-06-22 19:44:25.177	2022-06-22 19:44:25.18	20d7e49e-782d-4c26-84da-77cacf63fcd6	1364120	35949	1934	2022-06-22
2022-06-22 19:44:25.183	2022-06-22 19:44:25.186	ce03228a-e0fb-4bf4-be33-035373d49ed0	5238210	169721	32615	2022-06-22
2022-06-22 19:44:25.186	2022-06-22 19:44:25.191	bfb21ce3-2d6d-4bae-9964-6764a2f13372	10367773	343557	23807	2022-06-22
2022-06-23 12:09:47.412	2022-06-23 18:45:42.97	ccedb919-a463-4114-9a94-1e8491aa1db6	15345171	201738	9219	2022-06-23
2022-06-23 12:09:47.441	2022-06-23 18:45:42.987	ce03228a-e0fb-4bf4-be33-035373d49ed0	5241021	169765	32610	2022-06-23
2022-06-23 12:09:47.457	2022-06-23 18:45:43	46de8926-9640-4d42-9f40-3088a34b3fd1	439167	6058	4335	2022-06-23
2022-06-24 12:24:45.484	2022-06-24 12:24:45.493	df652a57-7728-4e08-8f6d-a44dc2fa64bf	441682	9504	2143	2022-06-24
2022-06-24 12:24:45.515	2022-06-24 12:24:45.523	d87f51bd-042d-4278-997f-b9f45f28a0bf	2771845	92527	11508	2022-06-24
2022-06-24 12:24:45.53	2022-06-24 12:24:45.536	4d02491e-28dc-458e-a012-c76d5a15e496	5342553	167226	21868	2022-06-24
2022-06-24 12:24:45.538	2022-06-24 12:24:45.546	f33dc980-fc6c-48c4-a82b-e3723441fa8b	3124282	33501	4478	2022-06-24
2022-06-24 12:24:45.565	2022-06-24 12:24:45.591	c764609e-f0bf-4933-8ddf-6e8e3ddeefc8	665789	17999	3489	2022-06-24
2022-06-03 08:38:41.072	2022-06-03 08:38:41.076	74dd785f-fa76-4251-9f7a-f63d6b37e37b	3452112	76953	5663	2022-06-03
2022-06-03 08:38:41.084	2022-06-03 08:38:41.088	a4e59c4a-c362-4721-8036-b612d42a3f17	1659437	12253	1207	2022-06-03
2022-06-08 06:04:12.873	2022-06-08 12:23:32.458	884c5d2c-c5ee-4fa2-a516-4f42fb8c9905	1337721	41137	2457	2022-06-08
2022-06-08 06:04:12.893	2022-06-08 12:23:32.47	e87d119d-6bd0-4a07-b2c4-ba2cf2516f9e	1607712	59752	6258	2022-06-08
2022-06-08 06:04:12.893	2022-06-08 12:23:32.47	74dd785f-fa76-4251-9f7a-f63d6b37e37b	3456447	77044	5669	2022-06-08
2022-06-08 06:04:12.887	2022-06-08 12:23:32.467	17d98a07-34f5-4b1e-979e-1ce356994c1f	3940588	97486	11440	2022-06-08
2022-06-08 06:04:12.899	2022-06-08 12:23:32.474	d87f51bd-042d-4278-997f-b9f45f28a0bf	2750071	92338	11505	2022-06-08
2022-06-08 06:04:12.919	2022-06-08 12:23:32.485	9eab2380-df01-44cf-83a8-dab86a6be4da	396137	7500	511	2022-06-08
2022-06-09 08:44:34.96	2022-06-09 08:55:57.469	74d3c228-3554-40a6-b5f8-944444ebc3ba	1407647	29924	2163	2022-06-09
2022-06-09 08:44:35.012	2022-06-09 08:55:57.493	b9c517d4-d6e9-429e-b86b-89383cdcedaa	6027955	173502	24186	2022-06-09
2022-06-09 08:44:34.959	2022-06-09 08:55:57.507	406d6f96-c05e-4303-a76d-d3a750c68372	4296367	155006	16504	2022-06-09
2022-06-09 08:44:35.034	2022-06-09 08:55:57.537	d57d9e2d-c7ab-4ab1-8d59-66d3d8509a8b	3255681	83544	11124	2022-06-09
2022-06-09 08:44:35.059	2022-06-09 08:55:57.528	6a77c550-9a4f-409a-8865-6105e2b59379	2694737	118826	11869	2022-06-09
2022-06-09 08:44:35.099	2022-06-09 08:55:57.55	46de8926-9640-4d42-9f40-3088a34b3fd1	433526	6000	4314	2022-06-09
2022-06-12 08:00:44.033	2022-06-12 08:00:44.041	c764609e-f0bf-4933-8ddf-6e8e3ddeefc8	633437	17631	3411	2022-06-12
2022-06-13 06:03:27.502	2022-06-13 06:03:27.505	d87f51bd-042d-4278-997f-b9f45f28a0bf	2760047	92439	11507	2022-06-13
2022-06-13 06:03:27.508	2022-06-13 06:03:27.514	16bf2fec-627c-4a47-9c0e-06ded47b4d60	1017283	36062	2681	2022-06-13
2022-06-13 06:03:27.516	2022-06-13 06:03:27.522	ade20fd1-6743-4000-8140-9fe054fc464b	1566023	43231	5073	2022-06-13
2022-06-15 19:48:55.586	2022-06-15 19:54:40.803	20d7e49e-782d-4c26-84da-77cacf63fcd6	1361273	35932	1932	2022-06-15
2022-06-15 19:48:55.601	2022-06-15 19:54:40.81	d57d9e2d-c7ab-4ab1-8d59-66d3d8509a8b	3312649	84008	11155	2022-06-15
2022-06-15 19:48:55.611	2022-06-15 19:54:40.817	c764609e-f0bf-4933-8ddf-6e8e3ddeefc8	646065	17796	3423	2022-06-15
2022-06-16 16:20:29.708	2022-06-16 16:20:29.719	884c5d2c-c5ee-4fa2-a516-4f42fb8c9905	1345529	41316	2471	2022-06-16
2022-06-16 16:20:29.728	2022-06-16 16:20:29.731	e87d119d-6bd0-4a07-b2c4-ba2cf2516f9e	1616292	59972	6268	2022-06-16
2022-06-16 16:20:29.735	2022-06-16 16:20:29.74	3e379e98-6601-4435-ab23-dcd434560c22	1593170	25941	2683	2022-06-16
2022-06-16 16:20:29.745	2022-06-16 16:20:29.751	5a6c02a0-8d65-4efb-a3f1-a0bc25c3a9af	133107	11485	1535	2022-06-16
2022-06-17 09:25:13.551	2022-06-17 09:30:03.815	20d7e49e-782d-4c26-84da-77cacf63fcd6	1362016	35939	1932	2022-06-17
2022-06-17 09:25:13.557	2022-06-17 09:30:03.825	d87f51bd-042d-4278-997f-b9f45f28a0bf	2765165	92478	11508	2022-06-17
2022-06-17 09:25:13.563	2022-06-17 09:30:03.831	bfb21ce3-2d6d-4bae-9964-6764a2f13372	10364219	343486	23808	2022-06-17
2022-06-20 07:39:00.075	2022-06-20 07:39:00.079	fe16bc85-f506-44fd-8fa9-99bf919bacd9	3572545	92520	4632	2022-06-20
2022-06-20 07:39:00.085	2022-06-20 07:39:00.088	88deded7-0232-4819-9e39-2013dc7cc285	92044	7193	683	2022-06-20
2022-06-20 07:39:00.096	2022-06-20 07:39:00.1	6a77c550-9a4f-409a-8865-6105e2b59379	2734720	119903	11991	2022-06-20
2022-06-20 07:39:00.108	2022-06-20 07:39:00.111	df652a57-7728-4e08-8f6d-a44dc2fa64bf	439627	9468	2142	2022-06-20
2022-06-21 13:55:42.147	2022-06-21 13:55:42.152	88deded7-0232-4819-9e39-2013dc7cc285	92107	7199	683	2022-06-21
2022-06-21 13:55:42.154	2022-06-21 13:55:42.16	0563e9f0-cc42-43f2-9da0-3e9562d0ea71	2631029	84888	5108	2022-06-21
2022-06-21 13:55:42.169	2022-06-21 13:55:42.174	46de8926-9640-4d42-9f40-3088a34b3fd1	438320	6051	4334	2022-06-21
2022-06-22 19:44:25.172	2022-06-22 19:44:25.176	84683ea8-478f-48b8-8004-cece493fee98	2038853	66170	7028	2022-06-22
2022-06-22 19:44:25.181	2022-06-22 19:44:25.184	1c5e8059-55e2-4fba-b4d1-102f910c8bb2	2064343	56443	5157	2022-06-22
2022-06-22 19:44:25.188	2022-06-22 19:44:25.192	74dd785f-fa76-4251-9f7a-f63d6b37e37b	3469043	77307	5686	2022-06-22
2022-06-23 12:09:47.43	2022-06-23 18:45:42.979	e87d119d-6bd0-4a07-b2c4-ba2cf2516f9e	1622491	60141	6271	2022-06-23
2022-06-23 12:09:47.445	2022-06-23 18:45:42.991	bfb21ce3-2d6d-4bae-9964-6764a2f13372	10368370	343573	23806	2022-06-23
2022-06-23 12:09:47.443	2022-06-23 18:45:42.988	3e379e98-6601-4435-ab23-dcd434560c22	1594815	25983	2686	2022-06-23
2022-06-24 12:24:45.498	2022-06-24 12:24:45.504	b9c517d4-d6e9-429e-b86b-89383cdcedaa	6039516	173593	24152	2022-06-24
2022-06-24 12:24:45.457	2022-06-24 12:24:45.47	ccedb919-a463-4114-9a94-1e8491aa1db6	15353122	201800	9221	2022-06-24
2022-06-24 12:24:45.569	2022-06-24 12:24:45.584	46de8926-9640-4d42-9f40-3088a34b3fd1	439455	6064	4334	2022-06-24
2022-06-03 08:38:41.074	2022-06-03 08:38:41.079	f19186ab-e0ab-4e0d-bbd0-5157cd48a497	831282	31166	2700	2022-06-03
2022-06-08 06:04:12.873	2022-06-08 12:23:32.458	81fd3b51-ca00-411e-adcd-1e3b77cbe91b	5981227	210674	8806	2022-06-08
2022-06-08 06:04:12.89	2022-06-08 12:23:32.473	a4e59c4a-c362-4721-8036-b612d42a3f17	1660393	12270	1207	2022-06-08
2022-06-08 06:04:12.888	2022-06-08 12:23:32.471	88deded7-0232-4819-9e39-2013dc7cc285	90848	7140	675	2022-06-08
2022-06-08 06:04:12.896	2022-06-08 12:23:32.477	0563e9f0-cc42-43f2-9da0-3e9562d0ea71	2543505	82796	4997	2022-06-08
2022-06-09 08:44:34.96	2022-06-09 08:55:57.464	ccedb919-a463-4114-9a94-1e8491aa1db6	15083156	199432	9186	2022-06-09
2022-06-09 08:44:35.006	2022-06-09 08:55:57.488	f33dc980-fc6c-48c4-a82b-e3723441fa8b	3120559	33459	4478	2022-06-09
2022-06-09 08:44:34.96	2022-06-09 08:55:57.479	81fd3b51-ca00-411e-adcd-1e3b77cbe91b	5983408	210712	8806	2022-06-09
2022-06-09 08:44:35.028	2022-06-09 08:55:57.532	1c5e8059-55e2-4fba-b4d1-102f910c8bb2	2010784	56067	5120	2022-06-09
2022-06-09 08:44:35.061	2022-06-09 08:55:57.538	d53f819c-955a-4ec6-8a14-8b20b3b7d159	862897	20106	2604	2022-06-09
2022-06-09 08:44:35.025	2022-06-09 08:55:57.549	d87f51bd-042d-4278-997f-b9f45f28a0bf	2751819	92358	11505	2022-06-09
2022-06-13 06:03:27.501	2022-06-13 06:03:27.505	1c5e8059-55e2-4fba-b4d1-102f910c8bb2	2033731	56245	5140	2022-06-13
2022-06-13 06:03:27.51	2022-06-13 06:03:27.514	4d02491e-28dc-458e-a012-c76d5a15e496	5278657	165915	21664	2022-06-13
2022-06-13 06:03:27.516	2022-06-13 06:03:27.521	4762c5df-c703-4b70-b83e-1000114da1f8	177768	7409	533	2022-06-13
2022-06-15 19:48:55.59	2022-06-15 19:54:40.803	88deded7-0232-4819-9e39-2013dc7cc285	91574	7171	678	2022-06-15
2022-06-15 19:48:55.607	2022-06-15 19:54:40.815	d53f819c-955a-4ec6-8a14-8b20b3b7d159	866421	20179	2608	2022-06-15
2022-06-16 16:20:29.709	2022-06-16 16:20:29.719	406d6f96-c05e-4303-a76d-d3a750c68372	4311692	155278	16510	2022-06-16
2022-06-16 16:20:29.737	2022-06-16 16:20:29.741	d57d9e2d-c7ab-4ab1-8d59-66d3d8509a8b	3318724	84040	11156	2022-06-16
2022-06-16 16:20:29.741	2022-06-16 16:20:29.748	6a77c550-9a4f-409a-8865-6105e2b59379	2721884	119615	11971	2022-06-16
2022-06-17 09:25:13.553	2022-06-17 09:30:03.816	e87d119d-6bd0-4a07-b2c4-ba2cf2516f9e	1616985	59985	6269	2022-06-17
2022-06-17 09:25:13.563	2022-06-17 09:30:03.838	dc865347-8375-43c9-ba67-1bb999f287e8	909776	65256	7611	2022-06-17
2022-06-17 09:25:13.568	2022-06-17 09:30:03.839	46de8926-9640-4d42-9f40-3088a34b3fd1	436664	6030	4326	2022-06-17
2022-06-20 07:39:00.072	2022-06-20 07:39:00.079	c2d2ba8e-f6dd-407b-aa1e-24bab8888098	1750909	40288	31062	2022-06-20
2022-06-20 07:39:00.09	2022-06-20 07:39:00.093	e87d119d-6bd0-4a07-b2c4-ba2cf2516f9e	1619550	60048	6278	2022-06-20
2022-06-20 07:39:00.087	2022-06-20 07:39:00.096	f33dc980-fc6c-48c4-a82b-e3723441fa8b	3123023	33490	4479	2022-06-20
2022-06-20 07:39:00.095	2022-06-20 07:39:00.106	bfb21ce3-2d6d-4bae-9964-6764a2f13372	10366227	343535	23807	2022-06-20
2022-06-21 13:55:42.148	2022-06-21 13:55:42.155	0505a84b-01d7-4716-a7b2-61b70f18c033	4524268	155654	11959	2022-06-21
2022-06-21 13:55:42.161	2022-06-21 13:55:42.166	d53f819c-955a-4ec6-8a14-8b20b3b7d159	867467	20202	2599	2022-06-21
2022-06-21 13:55:42.171	2022-06-21 13:55:42.175	b5a112b7-b42b-4e6c-8450-0c5053e7c7a0	524147	18225	2567	2022-06-21
2022-06-22 19:44:25.177	2022-06-22 19:44:25.18	b9c517d4-d6e9-429e-b86b-89383cdcedaa	6038816	173585	24151	2022-06-22
2022-06-22 19:44:25.187	2022-06-22 19:44:25.19	4d02491e-28dc-458e-a012-c76d5a15e496	5337609	167137	21849	2022-06-22
2022-06-22 19:44:25.193	2022-06-22 19:44:25.196	b5a112b7-b42b-4e6c-8450-0c5053e7c7a0	535794	18451	2623	2022-06-22
2022-06-23 12:09:47.436	2022-06-23 18:45:42.982	e703f552-72fb-432a-af06-7844bdf34949	5905252	223807	12991	2022-06-23
2022-06-23 12:09:47.458	2022-06-23 18:45:42.998	1d5f49b8-a20f-4152-970e-3bfb15afa7e7	734182	26960	3536	2022-06-23
2022-06-23 12:09:47.453	2022-06-23 18:45:42.996	9eab2380-df01-44cf-83a8-dab86a6be4da	403836	7586	511	2022-06-23
2022-06-24 12:24:45.511	2022-06-24 12:24:45.521	ec0eb006-91ad-4fe7-b7b7-a883136337e2	1102656	48118	6295	2022-06-24
2022-06-24 12:24:45.535	2022-06-24 12:24:45.554	d53f819c-955a-4ec6-8a14-8b20b3b7d159	868006	20210	2599	2022-06-24
2022-06-24 12:24:45.59	2022-06-24 12:24:45.597	cc479880-7eac-417f-aa20-2bdb51beba31	28156879	419027	30551	2022-06-24
2022-06-03 08:38:41.079	2022-06-03 08:38:41.086	6a77c550-9a4f-409a-8865-6105e2b59379	2670439	118109	11829	2022-06-03
2022-06-03 08:38:41.077	2022-06-03 08:38:41.08	3e379e98-6601-4435-ab23-dcd434560c22	1587123	25813	2680	2022-06-03
2022-06-08 06:04:12.872	2022-06-08 12:23:32.458	10e77c85-976b-43e9-bb95-65d5d8b92020	1996352	61754	4730	2022-06-08
2022-06-08 06:04:12.895	2022-06-08 12:23:32.473	e703f552-72fb-432a-af06-7844bdf34949	5483602	216490	312	2022-06-08
2022-06-08 06:04:12.888	2022-06-08 12:23:32.477	df652a57-7728-4e08-8f6d-a44dc2fa64bf	419740	9077	2112	2022-06-08
2022-06-08 06:04:12.908	2022-06-08 12:23:32.481	dc865347-8375-43c9-ba67-1bb999f287e8	904927	65176	7608	2022-06-08
2022-06-08 06:04:12.896	2022-06-08 12:23:32.48	f19186ab-e0ab-4e0d-bbd0-5157cd48a497	837241	31249	2697	2022-06-08
2022-06-08 06:04:12.919	2022-06-08 12:23:32.488	46de8926-9640-4d42-9f40-3088a34b3fd1	433142	5997	4312	2022-06-08
2022-06-09 08:44:34.958	2022-06-09 08:55:57.468	884c5d2c-c5ee-4fa2-a516-4f42fb8c9905	1338302	41153	2457	2022-06-09
2022-06-09 08:44:34.994	2022-06-09 08:55:57.501	17d98a07-34f5-4b1e-979e-1ce356994c1f	3947327	97585	11443	2022-06-09
2022-06-09 08:44:35.025	2022-06-09 08:55:57.518	f19186ab-e0ab-4e0d-bbd0-5157cd48a497	838207	31266	2696	2022-06-09
2022-06-09 08:44:35.004	2022-06-09 08:55:57.519	74dd785f-fa76-4251-9f7a-f63d6b37e37b	3457089	77056	5670	2022-06-09
2022-06-09 08:44:35.124	2022-06-09 08:55:57.54	9eab2380-df01-44cf-83a8-dab86a6be4da	396809	7511	511	2022-06-09
2022-06-14 06:10:01.09	2022-06-14 06:10:01.101	88a2afc6-3e15-402c-aadc-094c470c35ed	17242983	75282	15039	2022-06-14
2022-06-14 06:10:01.09	2022-06-14 06:10:01.101	74d3c228-3554-40a6-b5f8-944444ebc3ba	1409060	29945	2164	2022-06-14
2022-06-14 06:10:01.109	2022-06-14 06:10:01.118	df652a57-7728-4e08-8f6d-a44dc2fa64bf	432805	9331	2134	2022-06-14
2022-06-14 06:10:01.125	2022-06-14 06:10:01.129	d57d9e2d-c7ab-4ab1-8d59-66d3d8509a8b	3302443	83936	11148	2022-06-14
2022-06-14 06:10:01.132	2022-06-14 06:10:01.135	4d02491e-28dc-458e-a012-c76d5a15e496	5292717	166203	21695	2022-06-14
2022-06-14 06:10:01.138	2022-06-14 06:10:01.144	5a6c02a0-8d65-4efb-a3f1-a0bc25c3a9af	129007	11297	1520	2022-06-14
2022-06-15 19:48:55.6	2022-06-15 19:54:40.809	ce03228a-e0fb-4bf4-be33-035373d49ed0	5216835	169469	32614	2022-06-15
2022-06-15 19:48:55.617	2022-06-15 19:54:40.819	4762c5df-c703-4b70-b83e-1000114da1f8	180098	7468	535	2022-06-15
2022-06-16 16:20:29.726	2022-06-16 16:20:29.731	0505a84b-01d7-4716-a7b2-61b70f18c033	4486818	155003	11918	2022-06-16
2022-06-16 16:20:29.74	2022-06-16 16:20:29.743	d53f819c-955a-4ec6-8a14-8b20b3b7d159	866549	20183	2608	2022-06-16
2022-06-16 16:20:29.743	2022-06-16 16:20:29.751	ade20fd1-6743-4000-8140-9fe054fc464b	1566249	43232	5073	2022-06-16
2022-06-17 09:25:13.556	2022-06-17 09:30:03.82	7b58eba6-3a0c-4034-9bf2-b7016ed5338f	15734767	386330	23536	2022-06-17
2022-06-17 09:25:13.569	2022-06-17 09:30:03.833	c764609e-f0bf-4933-8ddf-6e8e3ddeefc8	650098	17839	3438	2022-06-17
2022-06-17 09:25:13.566	2022-06-17 09:30:03.836	9eab2380-df01-44cf-83a8-dab86a6be4da	401576	7563	512	2022-06-17
2022-06-20 07:39:00.071	2022-06-20 07:39:00.079	88a2afc6-3e15-402c-aadc-094c470c35ed	17345622	76418	15173	2022-06-20
2022-06-20 07:39:00.086	2022-06-20 07:39:00.09	0563e9f0-cc42-43f2-9da0-3e9562d0ea71	2628013	84836	5106	2022-06-20
2022-06-20 07:39:00.094	2022-06-20 07:39:00.101	3e379e98-6601-4435-ab23-dcd434560c22	1594074	25964	2685	2022-06-20
2022-06-21 13:55:42.155	2022-06-21 13:55:42.158	d87f51bd-042d-4278-997f-b9f45f28a0bf	2769238	92509	11509	2022-06-21
2022-06-21 13:55:42.165	2022-06-21 13:55:42.17	ade20fd1-6743-4000-8140-9fe054fc464b	1566776	43232	5074	2022-06-21
2022-06-22 19:44:25.181	2022-06-22 19:44:25.184	d87f51bd-042d-4278-997f-b9f45f28a0bf	2770391	92516	11508	2022-06-22
2022-06-22 19:44:25.188	2022-06-22 19:44:25.193	ade20fd1-6743-4000-8140-9fe054fc464b	1566848	43231	5074	2022-06-22
2022-06-23 12:09:47.448	2022-06-23 18:45:42.988	4d02491e-28dc-458e-a012-c76d5a15e496	5340353	167185	21866	2022-06-23
2022-06-23 12:09:47.451	2022-06-23 18:45:42.997	c764609e-f0bf-4933-8ddf-6e8e3ddeefc8	664213	17986	3487	2022-06-23
2022-06-24 12:24:45.515	2022-06-24 12:24:45.524	3e379e98-6601-4435-ab23-dcd434560c22	1595016	25985	2686	2022-06-24
2022-06-24 12:24:45.574	2022-06-24 12:24:45.584	02978247-aa5e-4021-9e97-12d1b07a24cc	404548	16439	2534	2022-06-24
2022-06-03 08:38:41.082	2022-06-03 08:38:41.086	ade20fd1-6743-4000-8140-9fe054fc464b	1565122	43230	5070	2022-06-03
2022-06-08 06:04:12.898	2022-06-08 12:23:32.469	b9c517d4-d6e9-429e-b86b-89383cdcedaa	6027684	173499	24186	2022-06-08
2022-06-08 06:04:12.873	2022-06-08 12:23:32.458	74d3c228-3554-40a6-b5f8-944444ebc3ba	1407430	29920	2163	2022-06-08
2022-06-08 06:04:12.893	2022-06-08 12:23:32.472	f33dc980-fc6c-48c4-a82b-e3723441fa8b	3120355	33457	4478	2022-06-08
2022-06-08 06:04:12.905	2022-06-08 12:23:32.484	d53f819c-955a-4ec6-8a14-8b20b3b7d159	862707	20097	2603	2022-06-08
2022-06-08 06:04:12.903	2022-06-08 12:23:32.481	3e379e98-6601-4435-ab23-dcd434560c22	1589868	25869	2681	2022-06-08
2022-06-09 08:44:34.96	2022-06-09 08:55:57.471	c2d2ba8e-f6dd-407b-aa1e-24bab8888098	1717843	39698	30887	2022-06-09
2022-06-09 08:44:34.998	2022-06-09 08:55:57.495	0505a84b-01d7-4716-a7b2-61b70f18c033	4445550	154205	11894	2022-06-09
2022-06-09 08:44:35.035	2022-06-09 08:55:57.514	ce03228a-e0fb-4bf4-be33-035373d49ed0	5198467	169247	32620	2022-06-09
2022-06-09 08:44:35.007	2022-06-09 08:55:57.502	e87d119d-6bd0-4a07-b2c4-ba2cf2516f9e	1608595	59773	6258	2022-06-09
2022-06-09 08:44:35.095	2022-06-09 08:55:57.549	4762c5df-c703-4b70-b83e-1000114da1f8	173676	7173	507	2022-06-09
2022-06-14 06:10:01.089	2022-06-14 06:10:01.101	841da886-5f4b-4184-aaa8-89e638159ec6	23752205	817706	41717	2022-06-14
2022-06-14 06:10:01.089	2022-06-14 06:10:01.101	81fd3b51-ca00-411e-adcd-1e3b77cbe91b	6008361	211278	8828	2022-06-14
2022-06-14 06:10:01.108	2022-06-14 06:10:01.112	84683ea8-478f-48b8-8004-cece493fee98	2002744	65242	7012	2022-06-14
2022-06-14 06:10:01.112	2022-06-14 06:10:01.118	e87d119d-6bd0-4a07-b2c4-ba2cf2516f9e	1614121	59916	6264	2022-06-14
2022-06-14 06:10:01.124	2022-06-14 06:10:01.128	1c5e8059-55e2-4fba-b4d1-102f910c8bb2	2037836	56263	5143	2022-06-14
2022-06-14 06:10:01.108	2022-06-14 06:10:01.136	0505a84b-01d7-4716-a7b2-61b70f18c033	4473986	154769	11912	2022-06-14
2022-06-14 06:10:01.14	2022-06-14 06:10:01.145	16bf2fec-627c-4a47-9c0e-06ded47b4d60	1017944	36072	2681	2022-06-14
2022-06-15 19:48:55.608	2022-06-15 19:54:40.813	dc865347-8375-43c9-ba67-1bb999f287e8	909255	65252	7611	2022-06-15
2022-06-16 16:20:29.731	2022-06-16 16:20:29.736	b9c517d4-d6e9-429e-b86b-89383cdcedaa	6034828	173552	24153	2022-06-16
2022-06-16 16:20:29.743	2022-06-16 16:20:29.747	4d02491e-28dc-458e-a012-c76d5a15e496	5310915	166578	21769	2022-06-16
2022-06-17 09:25:13.557	2022-06-17 09:30:03.831	f19186ab-e0ab-4e0d-bbd0-5157cd48a497	845487	31342	2698	2022-06-17
2022-06-20 07:39:00.074	2022-06-20 07:39:00.079	406d6f96-c05e-4303-a76d-d3a750c68372	4317244	155348	16516	2022-06-20
2022-06-20 07:39:00.086	2022-06-20 07:39:00.091	a4e59c4a-c362-4721-8036-b612d42a3f17	1663237	12304	1210	2022-06-20
2022-06-20 07:39:00.1	2022-06-20 07:39:00.102	9eab2380-df01-44cf-83a8-dab86a6be4da	402673	7573	512	2022-06-20
2022-06-21 13:55:42.158	2022-06-21 13:55:42.165	3e379e98-6601-4435-ab23-dcd434560c22	1594306	25972	2685	2022-06-21
2022-06-22 19:44:25.187	2022-06-22 19:44:25.189	dc865347-8375-43c9-ba67-1bb999f287e8	910885	65264	7607	2022-06-22
2022-06-22 19:44:25.195	2022-06-22 19:44:25.199	02978247-aa5e-4021-9e97-12d1b07a24cc	421815	16263	2484	2022-06-22
2022-06-23 12:09:47.445	2022-06-23 18:45:42.99	d53f819c-955a-4ec6-8a14-8b20b3b7d159	867799	20209	2599	2022-06-23
2022-06-23 12:09:47.459	2022-06-23 18:45:42.999	4762c5df-c703-4b70-b83e-1000114da1f8	184561	7609	538	2022-06-23
2022-06-24 12:24:45.529	2022-06-24 12:24:45.539	bfb21ce3-2d6d-4bae-9964-6764a2f13372	10368781	343580	23806	2022-06-24
2022-06-03 08:38:41.08	2022-06-03 08:38:41.086	c764609e-f0bf-4933-8ddf-6e8e3ddeefc8	354907	13638	2531	2022-06-03
2022-06-04 20:03:25.2	2022-06-04 20:05:41.759	db09701c-5b3d-425d-b1bf-742c02fe923e	3977677	141500	18958	2022-06-04
2022-06-04 20:03:25.2	2022-06-04 20:05:41.762	13eb9117-d884-4b07-ae5b-0987b8208202	14457554	639085	32433	2022-06-04
2022-06-04 20:03:25.2	2022-06-04 20:05:41.763	884c5d2c-c5ee-4fa2-a516-4f42fb8c9905	1335351	41074	2454	2022-06-04
2022-06-04 20:05:41.756	2022-06-04 20:05:41.765	fe16bc85-f506-44fd-8fa9-99bf919bacd9	3517463	91693	4624	2022-06-04
2022-06-04 20:03:25.201	2022-06-04 20:05:41.764	10e77c85-976b-43e9-bb95-65d5d8b92020	1992606	61703	4729	2022-06-04
2022-06-04 20:03:25.205	2022-06-04 20:05:41.766	df652a57-7728-4e08-8f6d-a44dc2fa64bf	417334	9062	2109	2022-06-04
2022-06-04 20:03:25.201	2022-06-04 20:05:41.766	88a2afc6-3e15-402c-aadc-094c470c35ed	17110175	73851	14860	2022-06-04
2022-06-04 20:03:25.201	2022-06-04 20:05:41.768	81fd3b51-ca00-411e-adcd-1e3b77cbe91b	5970711	210437	8789	2022-06-04
2022-06-04 20:03:25.201	2022-06-04 20:05:41.773	406d6f96-c05e-4303-a76d-d3a750c68372	4288487	154900	16493	2022-06-04
2022-06-04 20:03:25.205	2022-06-04 20:05:41.769	74d3c228-3554-40a6-b5f8-944444ebc3ba	1406149	29897	2163	2022-06-04
2022-06-04 20:03:25.241	2022-06-04 20:05:41.775	20d7e49e-782d-4c26-84da-77cacf63fcd6	1351368	35868	1935	2022-06-04
2022-06-04 20:03:25.218	2022-06-04 20:05:41.776	88deded7-0232-4819-9e39-2013dc7cc285	90575	7126	673	2022-06-04
2022-06-04 20:03:25.201	2022-06-04 20:05:41.766	c2d2ba8e-f6dd-407b-aa1e-24bab8888098	1710569	39584	30858	2022-06-04
2022-06-04 20:03:25.217	2022-06-04 20:05:41.775	17d98a07-34f5-4b1e-979e-1ce356994c1f	3900824	96888	11396	2022-06-04
2022-06-04 20:03:25.216	2022-06-04 20:05:41.778	84683ea8-478f-48b8-8004-cece493fee98	1976993	64621	6982	2022-06-04
2022-06-04 20:03:25.233	2022-06-04 20:05:41.778	e87d119d-6bd0-4a07-b2c4-ba2cf2516f9e	1603718	59647	6251	2022-06-04
2022-06-04 20:03:25.219	2022-06-04 20:05:41.779	0505a84b-01d7-4716-a7b2-61b70f18c033	4418273	153702	11866	2022-06-04
2022-06-04 20:03:25.219	2022-06-04 20:05:41.781	a96de528-48cb-4be2-8100-845ad8fdcb2b	2455977	113826	17683	2022-06-04
2022-06-04 20:03:25.219	2022-06-04 20:05:41.782	f33dc980-fc6c-48c4-a82b-e3723441fa8b	3119475	33446	4478	2022-06-04
2022-06-04 20:03:25.225	2022-06-04 20:05:41.783	e703f552-72fb-432a-af06-7844bdf34949	4814335	207393	12092	2022-06-04
2022-06-04 20:03:25.222	2022-06-04 20:05:41.776	a4e59c4a-c362-4721-8036-b612d42a3f17	1659736	12257	1207	2022-06-04
2022-06-04 20:03:25.221	2022-06-04 20:05:41.782	b9c517d4-d6e9-429e-b86b-89383cdcedaa	6026654	173494	24197	2022-06-04
2022-06-04 20:03:25.201	2022-06-04 20:05:41.785	ccedb919-a463-4114-9a94-1e8491aa1db6	14813748	196971	9158	2022-06-04
2022-06-04 20:03:25.226	2022-06-04 20:05:41.787	7b58eba6-3a0c-4034-9bf2-b7016ed5338f	15501929	383836	23451	2022-06-04
2022-06-04 20:03:25.23	2022-06-04 20:05:41.793	d57d9e2d-c7ab-4ab1-8d59-66d3d8509a8b	3216872	83194	11103	2022-06-04
2022-06-04 20:03:25.23	2022-06-04 20:05:41.792	1c5e8059-55e2-4fba-b4d1-102f910c8bb2	1985169	55879	5115	2022-06-04
2022-06-04 20:03:25.226	2022-06-04 20:05:41.793	d87f51bd-042d-4278-997f-b9f45f28a0bf	2740409	92220	11502	2022-06-04
2022-06-04 20:03:25.222	2022-06-04 20:05:41.783	0563e9f0-cc42-43f2-9da0-3e9562d0ea71	2535547	82641	4997	2022-06-04
2022-06-04 20:03:25.223	2022-06-04 20:05:41.788	74dd785f-fa76-4251-9f7a-f63d6b37e37b	3453356	76980	5663	2022-06-04
2022-06-04 20:03:25.242	2022-06-04 20:05:41.803	dc865347-8375-43c9-ba67-1bb999f287e8	903989	65155	7608	2022-06-04
2022-06-04 20:03:25.238	2022-06-04 20:05:41.802	16bf2fec-627c-4a47-9c0e-06ded47b4d60	1012008	35966	2679	2022-06-04
2022-06-04 20:03:25.23	2022-06-04 20:05:41.799	3e379e98-6601-4435-ab23-dcd434560c22	1587895	25835	2680	2022-06-04
2022-06-04 20:03:25.237	2022-06-04 20:05:41.802	bfb21ce3-2d6d-4bae-9964-6764a2f13372	10355657	343347	23804	2022-06-04
2022-06-04 20:03:25.229	2022-06-04 20:05:41.805	ec0eb006-91ad-4fe7-b7b7-a883136337e2	1094717	47992	6289	2022-06-04
2022-06-04 20:03:25.23	2022-06-04 20:05:41.795	ce03228a-e0fb-4bf4-be33-035373d49ed0	5186456	169096	32641	2022-06-04
2022-06-04 20:03:25.233	2022-06-04 20:05:41.8	6a77c550-9a4f-409a-8865-6105e2b59379	2675936	118238	11834	2022-06-04
2022-06-04 20:03:25.244	2022-06-04 20:05:41.805	ade20fd1-6743-4000-8140-9fe054fc464b	1565279	43229	5070	2022-06-04
2022-06-04 20:03:25.243	2022-06-04 20:05:41.807	9eab2380-df01-44cf-83a8-dab86a6be4da	391866	7433	508	2022-06-04
2022-06-04 20:03:25.24	2022-06-04 20:05:41.804	c764609e-f0bf-4933-8ddf-6e8e3ddeefc8	513359	15816	3156	2022-06-04
2022-06-04 20:03:25.241	2022-06-04 20:05:41.807	5a6c02a0-8d65-4efb-a3f1-a0bc25c3a9af	93397	9078	1265	2022-06-04
2022-06-04 20:03:25.235	2022-06-04 20:05:41.805	4d02491e-28dc-458e-a012-c76d5a15e496	5211783	164422	21336	2022-06-04
2022-06-04 20:03:25.229	2022-06-04 20:05:41.805	f19186ab-e0ab-4e0d-bbd0-5157cd48a497	833252	31191	2698	2022-06-04
2022-06-04 20:03:25.235	2022-06-04 20:05:41.811	d53f819c-955a-4ec6-8a14-8b20b3b7d159	860989	20067	2598	2022-06-04
2022-06-04 20:03:25.24	2022-06-04 20:05:41.809	1d5f49b8-a20f-4152-970e-3bfb15afa7e7	386802	18475	2567	2022-06-04
2022-06-08 06:04:12.886	2022-06-08 12:23:32.466	84683ea8-478f-48b8-8004-cece493fee98	1983007	64759	6986	2022-06-08
2022-06-05 07:33:13.762	2022-06-05 17:07:57.081	7b58eba6-3a0c-4034-9bf2-b7016ed5338f	15522249	384073	23459	2022-06-05
2022-06-05 07:33:13.74	2022-06-05 17:07:57.065	406d6f96-c05e-4303-a76d-d3a750c68372	4290172	154929	16494	2022-06-05
2022-06-05 07:33:13.74	2022-06-05 17:07:57.065	88a2afc6-3e15-402c-aadc-094c470c35ed	17113743	73900	14868	2022-06-05
2022-06-08 06:04:12.897	2022-06-08 12:23:32.474	7b58eba6-3a0c-4034-9bf2-b7016ed5338f	15584486	384753	23492	2022-06-08
2022-06-05 07:33:13.76	2022-06-05 17:07:57.077	b9c517d4-d6e9-429e-b86b-89383cdcedaa	6026918	173495	24196	2022-06-05
2022-06-05 07:33:13.754	2022-06-05 17:07:57.08	84683ea8-478f-48b8-8004-cece493fee98	1978221	64661	6983	2022-06-05
2022-06-05 07:33:13.74	2022-06-05 17:07:57.065	74d3c228-3554-40a6-b5f8-944444ebc3ba	1406529	29905	2163	2022-06-05
2022-06-05 07:33:13.755	2022-06-05 17:07:57.075	17d98a07-34f5-4b1e-979e-1ce356994c1f	3913390	97071	11409	2022-06-05
2022-06-05 07:33:13.754	2022-06-05 17:07:57.077	f33dc980-fc6c-48c4-a82b-e3723441fa8b	3119634	33447	4478	2022-06-05
2022-06-05 07:33:13.74	2022-06-05 17:07:57.065	81fd3b51-ca00-411e-adcd-1e3b77cbe91b	5973309	210499	8797	2022-06-05
2022-06-05 07:33:13.74	2022-06-05 17:07:57.065	ccedb919-a463-4114-9a94-1e8491aa1db6	14844204	197302	9159	2022-06-05
2022-06-05 07:33:13.739	2022-06-05 17:07:57.065	db09701c-5b3d-425d-b1bf-742c02fe923e	3982083	141565	18962	2022-06-05
2022-06-05 07:33:13.755	2022-06-05 17:07:57.074	20d7e49e-782d-4c26-84da-77cacf63fcd6	1353098	35877	1934	2022-06-05
2022-06-05 07:33:13.74	2022-06-05 17:07:57.065	fe16bc85-f506-44fd-8fa9-99bf919bacd9	3523593	91791	4626	2022-06-05
2022-06-05 07:33:13.74	2022-06-05 17:07:57.065	10e77c85-976b-43e9-bb95-65d5d8b92020	1993515	61717	4728	2022-06-05
2022-06-05 07:33:13.74	2022-06-05 17:07:57.065	c2d2ba8e-f6dd-407b-aa1e-24bab8888098	1711998	39607	30872	2022-06-05
2022-06-05 07:33:13.755	2022-06-05 17:07:57.079	88deded7-0232-4819-9e39-2013dc7cc285	90617	7128	673	2022-06-05
2022-06-05 07:33:13.74	2022-06-05 17:07:57.078	df652a57-7728-4e08-8f6d-a44dc2fa64bf	418048	9064	2111	2022-06-05
2022-06-05 07:33:13.756	2022-06-05 17:07:57.074	0505a84b-01d7-4716-a7b2-61b70f18c033	4423684	153796	11869	2022-06-05
2022-06-05 07:33:13.739	2022-06-05 17:07:57.065	13eb9117-d884-4b07-ae5b-0987b8208202	14472838	639444	32457	2022-06-05
2022-06-05 07:33:13.74	2022-06-05 17:07:57.065	884c5d2c-c5ee-4fa2-a516-4f42fb8c9905	1335823	41086	2454	2022-06-05
2022-06-08 06:04:12.902	2022-06-08 12:23:32.478	d57d9e2d-c7ab-4ab1-8d59-66d3d8509a8b	3247993	83481	11121	2022-06-08
2022-06-08 06:04:12.905	2022-06-08 12:23:32.483	4d02491e-28dc-458e-a012-c76d5a15e496	5228118	164873	21400	2022-06-08
2022-06-08 06:04:12.924	2022-06-08 12:23:32.487	4762c5df-c703-4b70-b83e-1000114da1f8	172057	7103	501	2022-06-08
2022-06-09 08:44:34.96	2022-06-09 08:55:57.462	88a2afc6-3e15-402c-aadc-094c470c35ed	17129361	74090	14905	2022-06-09
2022-06-09 08:44:34.997	2022-06-09 08:55:57.489	20d7e49e-782d-4c26-84da-77cacf63fcd6	1356983	35904	1931	2022-06-09
2022-06-09 08:44:35.027	2022-06-09 08:55:57.51	a4e59c4a-c362-4721-8036-b612d42a3f17	1660551	12270	1207	2022-06-09
2022-06-09 08:44:35.084	2022-06-09 08:55:57.529	4d02491e-28dc-458e-a012-c76d5a15e496	5231666	164953	21415	2022-06-09
2022-06-09 08:44:35.11	2022-06-09 08:55:57.519	3e379e98-6601-4435-ab23-dcd434560c22	1590299	25871	2682	2022-06-09
2022-06-14 06:10:01.09	2022-06-14 06:10:01.101	406d6f96-c05e-4303-a76d-d3a750c68372	4307951	155209	16506	2022-06-14
2022-06-14 06:10:01.09	2022-06-14 06:10:01.101	ccedb919-a463-4114-9a94-1e8491aa1db6	15220875	200579	9198	2022-06-14
2022-06-14 06:10:01.112	2022-06-14 06:10:01.117	17d98a07-34f5-4b1e-979e-1ce356994c1f	3972155	97922	11471	2022-06-14
2022-06-05 07:33:13.755	2022-06-05 17:07:57.075	e87d119d-6bd0-4a07-b2c4-ba2cf2516f9e	1604704	59670	6252	2022-06-05
2022-06-05 07:33:13.762	2022-06-05 17:07:57.081	d87f51bd-042d-4278-997f-b9f45f28a0bf	2743097	92260	11502	2022-06-05
2022-06-05 07:33:13.765	2022-06-05 17:07:57.09	3e379e98-6601-4435-ab23-dcd434560c22	1588366	25840	2680	2022-06-05
2022-06-05 07:33:13.767	2022-06-05 17:07:57.093	bfb21ce3-2d6d-4bae-9964-6764a2f13372	10356173	343355	23804	2022-06-05
2022-06-05 07:33:13.771	2022-06-05 17:07:57.096	ade20fd1-6743-4000-8140-9fe054fc464b	1565356	43231	5071	2022-06-05
2022-06-08 06:04:12.888	2022-06-08 12:23:32.468	20d7e49e-782d-4c26-84da-77cacf63fcd6	1356209	35899	1931	2022-06-08
2022-06-08 06:04:12.898	2022-06-08 12:23:32.478	ec0eb006-91ad-4fe7-b7b7-a883136337e2	1096430	48006	6289	2022-06-08
2022-06-08 06:04:12.915	2022-06-08 12:23:32.488	ade20fd1-6743-4000-8140-9fe054fc464b	1565602	43229	5072	2022-06-08
2022-06-09 08:44:34.959	2022-06-09 08:55:57.463	841da886-5f4b-4184-aaa8-89e638159ec6	23689861	816667	41651	2022-06-09
2022-06-09 08:44:35.015	2022-06-09 08:55:57.504	0563e9f0-cc42-43f2-9da0-3e9562d0ea71	2545251	82825	4998	2022-06-09
2022-06-09 08:44:35.097	2022-06-09 08:55:57.539	ade20fd1-6743-4000-8140-9fe054fc464b	1565663	43230	5073	2022-06-09
2022-06-14 06:10:01.09	2022-06-14 06:10:01.101	10e77c85-976b-43e9-bb95-65d5d8b92020	2002680	61856	4736	2022-06-14
2022-06-14 06:10:01.09	2022-06-14 06:10:01.101	db09701c-5b3d-425d-b1bf-742c02fe923e	4010103	141873	18986	2022-06-14
2022-06-14 06:10:01.109	2022-06-14 06:10:01.115	20d7e49e-782d-4c26-84da-77cacf63fcd6	1360500	35927	1933	2022-06-14
2022-06-14 06:10:01.11	2022-06-14 06:10:01.119	74dd785f-fa76-4251-9f7a-f63d6b37e37b	3462934	77184	5683	2022-06-14
2022-06-14 06:10:01.124	2022-06-14 06:10:01.131	ce03228a-e0fb-4bf4-be33-035373d49ed0	5212606	169418	32617	2022-06-14
2022-06-14 06:10:01.133	2022-06-14 06:10:01.142	6a77c550-9a4f-409a-8865-6105e2b59379	2713113	119384	11908	2022-06-14
2022-06-15 19:48:55.612	2022-06-15 19:54:40.818	ade20fd1-6743-4000-8140-9fe054fc464b	1566204	43231	5073	2022-06-15
2022-06-16 16:20:29.735	2022-06-16 16:20:29.739	1c5e8059-55e2-4fba-b4d1-102f910c8bb2	2045611	56324	5145	2022-06-16
2022-06-16 16:20:29.749	2022-06-16 16:20:29.753	46de8926-9640-4d42-9f40-3088a34b3fd1	436427	6029	4325	2022-06-16
2022-06-17 09:25:13.567	2022-06-17 09:30:03.835	5a6c02a0-8d65-4efb-a3f1-a0bc25c3a9af	133790	11504	1535	2022-06-17
2022-06-20 07:39:00.072	2022-06-20 07:39:00.079	74d3c228-3554-40a6-b5f8-944444ebc3ba	1410833	29968	2160	2022-06-20
2022-06-20 07:39:00.091	2022-06-20 07:39:00.093	d87f51bd-042d-4278-997f-b9f45f28a0bf	2768197	92505	11510	2022-06-20
2022-06-20 07:39:00.095	2022-06-20 07:39:00.098	4d02491e-28dc-458e-a012-c76d5a15e496	5328774	166977	21832	2022-06-20
2022-06-20 07:39:00.099	2022-06-20 07:39:00.103	5a6c02a0-8d65-4efb-a3f1-a0bc25c3a9af	135914	11579	1549	2022-06-20
2022-06-21 13:55:42.162	2022-06-21 13:55:42.169	16bf2fec-627c-4a47-9c0e-06ded47b4d60	1020510	36116	2683	2022-06-21
2022-06-22 19:44:25.191	2022-06-22 19:44:25.194	9eab2380-df01-44cf-83a8-dab86a6be4da	403552	7585	511	2022-06-22
2022-06-23 12:09:47.448	2022-06-23 18:45:42.992	6a77c550-9a4f-409a-8865-6105e2b59379	2744414	120154	11995	2022-06-23
2022-06-23 12:09:47.463	2022-06-23 18:45:43.002	02978247-aa5e-4021-9e97-12d1b07a24cc	427220	16363	2523	2022-06-23
2022-06-24 12:24:45.534	2022-06-24 12:24:45.545	6a77c550-9a4f-409a-8865-6105e2b59379	2746226	120198	11995	2022-06-24
2022-06-05 07:33:13.758	2022-06-05 17:07:57.081	74dd785f-fa76-4251-9f7a-f63d6b37e37b	3454071	76997	5664	2022-06-05
2022-06-05 07:33:13.765	2022-06-05 17:07:57.091	f19186ab-e0ab-4e0d-bbd0-5157cd48a497	834160	31199	2698	2022-06-05
2022-06-08 06:04:12.893	2022-06-08 12:23:32.473	a96de528-48cb-4be2-8100-845ad8fdcb2b	2477402	114175	17700	2022-06-08
2022-06-08 06:04:12.907	2022-06-08 12:23:32.486	c764609e-f0bf-4933-8ddf-6e8e3ddeefc8	606781	17238	3367	2022-06-08
2022-06-09 08:44:35	2022-06-09 08:55:57.498	88deded7-0232-4819-9e39-2013dc7cc285	90918	7145	679	2022-06-09
2022-06-09 08:44:35.002	2022-06-09 08:55:57.507	a96de528-48cb-4be2-8100-845ad8fdcb2b	2481461	114253	17706	2022-06-09
2022-06-14 06:10:01.09	2022-06-14 06:10:01.101	884c5d2c-c5ee-4fa2-a516-4f42fb8c9905	1343860	41271	2468	2022-06-14
2022-06-14 06:10:01.09	2022-06-14 06:10:01.101	c2d2ba8e-f6dd-407b-aa1e-24bab8888098	1735296	40001	30993	2022-06-14
2022-06-14 06:10:01.119	2022-06-14 06:10:01.123	7b58eba6-3a0c-4034-9bf2-b7016ed5338f	15685793	385890	23522	2022-06-14
2022-06-14 06:10:01.125	2022-06-14 06:10:01.131	d87f51bd-042d-4278-997f-b9f45f28a0bf	2761470	92452	11506	2022-06-14
2022-06-14 06:10:01.136	2022-06-14 06:10:01.145	ade20fd1-6743-4000-8140-9fe054fc464b	1566099	43231	5073	2022-06-14
2022-06-16 16:20:29.741	2022-06-16 16:20:29.745	dc865347-8375-43c9-ba67-1bb999f287e8	909536	65257	7611	2022-06-16
2022-06-17 09:25:13.569	2022-06-17 09:30:03.841	cc479880-7eac-417f-aa20-2bdb51beba31	27676910	410220	29851	2022-06-17
2022-06-20 07:39:00.071	2022-06-20 07:39:00.079	841da886-5f4b-4184-aaa8-89e638159ec6	23823688	819017	41795	2022-06-20
2022-06-20 07:39:00.092	2022-06-20 07:39:00.094	ce03228a-e0fb-4bf4-be33-035373d49ed0	5231135	169625	32608	2022-06-20
2022-06-20 07:39:00.098	2022-06-20 07:39:00.104	ade20fd1-6743-4000-8140-9fe054fc464b	1566666	43232	5074	2022-06-20
2022-06-21 13:55:42.171	2022-06-21 13:55:42.176	4762c5df-c703-4b70-b83e-1000114da1f8	183508	7568	537	2022-06-21
2022-06-22 19:44:25.193	2022-06-22 19:44:25.198	4762c5df-c703-4b70-b83e-1000114da1f8	184080	7586	539	2022-06-22
2022-06-23 12:09:47.449	2022-06-23 18:45:42.991	16bf2fec-627c-4a47-9c0e-06ded47b4d60	1021168	36122	2681	2022-06-23
2022-06-24 12:24:45.544	2022-06-24 12:24:45.564	9eab2380-df01-44cf-83a8-dab86a6be4da	404181	7590	511	2022-06-24
2022-06-05 07:33:13.757	2022-06-05 17:07:57.082	a4e59c4a-c362-4721-8036-b612d42a3f17	1659898	12260	1207	2022-06-05
2022-06-05 07:33:13.766	2022-06-05 17:07:57.09	d57d9e2d-c7ab-4ab1-8d59-66d3d8509a8b	3224287	83262	11103	2022-06-05
2022-06-05 07:33:13.774	2022-06-05 17:07:57.097	1d5f49b8-a20f-4152-970e-3bfb15afa7e7	456782	20686	2902	2022-06-05
2022-06-08 06:04:12.9	2022-06-08 12:23:32.478	ce03228a-e0fb-4bf4-be33-035373d49ed0	5196087	169220	32623	2022-06-08
2022-06-08 06:04:12.918	2022-06-08 12:23:32.487	5a6c02a0-8d65-4efb-a3f1-a0bc25c3a9af	114287	10356	1418	2022-06-08
2022-06-09 08:44:35.018	2022-06-09 08:55:57.522	e703f552-72fb-432a-af06-7844bdf34949	5627453	218680	12675	2022-06-09
2022-06-09 08:44:35.063	2022-06-09 08:55:57.533	16bf2fec-627c-4a47-9c0e-06ded47b4d60	1014444	36007	2679	2022-06-09
2022-06-09 08:44:35.101	2022-06-09 08:55:57.552	1d5f49b8-a20f-4152-970e-3bfb15afa7e7	602895	24695	3350	2022-06-09
2022-06-14 06:10:01.09	2022-06-14 06:10:01.101	13eb9117-d884-4b07-ae5b-0987b8208202	14656097	643921	32790	2022-06-14
2022-06-14 06:10:01.113	2022-06-14 06:10:01.117	f33dc980-fc6c-48c4-a82b-e3723441fa8b	3121646	33475	4479	2022-06-14
2022-06-14 06:10:01.119	2022-06-14 06:10:01.124	e703f552-72fb-432a-af06-7844bdf34949	5777873	221063	12818	2022-06-14
2022-06-14 06:10:01.124	2022-06-14 06:10:01.132	ec0eb006-91ad-4fe7-b7b7-a883136337e2	1099026	48050	6291	2022-06-14
2022-06-14 06:10:01.14	2022-06-14 06:10:01.146	1d5f49b8-a20f-4152-970e-3bfb15afa7e7	682204	26218	3469	2022-06-14
2022-06-17 09:30:03.555	2022-06-17 09:30:03.557	02978247-aa5e-4021-9e97-12d1b07a24cc	211190	10345	1494	2022-06-17
2022-06-05 07:33:13.765	2022-06-05 17:07:57.086	ce03228a-e0fb-4bf4-be33-035373d49ed0	5188770	169126	32628	2022-06-05
2022-06-05 07:33:13.77	2022-06-05 17:07:57.093	dc865347-8375-43c9-ba67-1bb999f287e8	904173	65159	7608	2022-06-05
2022-06-05 07:33:13.774	2022-06-05 17:07:57.096	5a6c02a0-8d65-4efb-a3f1-a0bc25c3a9af	102655	9515	1326	2022-06-05
2022-06-08 06:04:12.904	2022-06-08 12:23:32.483	16bf2fec-627c-4a47-9c0e-06ded47b4d60	1013947	35993	2679	2022-06-08
2022-06-09 08:44:35.055	2022-06-09 08:55:57.527	bfb21ce3-2d6d-4bae-9964-6764a2f13372	10358467	343388	23808	2022-06-09
2022-06-14 06:10:01.091	2022-06-14 06:10:01.101	fe16bc85-f506-44fd-8fa9-99bf919bacd9	3561124	92358	4629	2022-06-14
2022-06-14 06:10:01.114	2022-06-14 06:10:01.126	a4e59c4a-c362-4721-8036-b612d42a3f17	1661924	12289	1210	2022-06-14
2022-06-14 06:10:01.131	2022-06-14 06:10:01.139	bfb21ce3-2d6d-4bae-9964-6764a2f13372	10362058	343441	23808	2022-06-14
2022-06-05 07:33:13.763	2022-06-05 17:07:57.086	1c5e8059-55e2-4fba-b4d1-102f910c8bb2	1989839	55909	5117	2022-06-05
2022-06-05 07:33:13.77	2022-06-05 17:07:57.09	d53f819c-955a-4ec6-8a14-8b20b3b7d159	861157	20076	2599	2022-06-05
2022-06-08 06:04:12.904	2022-06-08 12:23:32.482	bfb21ce3-2d6d-4bae-9964-6764a2f13372	10357859	343384	23809	2022-06-08
2022-06-09 08:44:35.081	2022-06-09 08:55:57.537	dc865347-8375-43c9-ba67-1bb999f287e8	905169	65181	7610	2022-06-09
2022-06-14 06:10:01.11	2022-06-14 06:10:01.116	88deded7-0232-4819-9e39-2013dc7cc285	91507	7165	678	2022-06-14
2022-06-14 06:10:01.125	2022-06-14 06:10:01.135	f19186ab-e0ab-4e0d-bbd0-5157cd48a497	842707	31311	2696	2022-06-14
2022-06-14 06:10:01.142	2022-06-14 06:10:01.147	4762c5df-c703-4b70-b83e-1000114da1f8	178914	7438	534	2022-06-14
2022-06-05 07:33:13.762	2022-06-05 17:07:57.082	e703f552-72fb-432a-af06-7844bdf34949	5004837	210482	1858	2022-06-05
2022-06-05 07:33:13.77	2022-06-05 17:07:57.094	16bf2fec-627c-4a47-9c0e-06ded47b4d60	1012450	35971	2679	2022-06-05
2022-06-05 07:33:13.759	2022-06-05 17:07:57.086	0563e9f0-cc42-43f2-9da0-3e9562d0ea71	2538023	82690	4998	2022-06-05
2022-06-05 07:33:13.768	2022-06-05 17:07:57.095	4d02491e-28dc-458e-a012-c76d5a15e496	5215037	164539	21351	2022-06-05
2022-06-05 07:33:13.771	2022-06-05 17:07:57.095	c764609e-f0bf-4933-8ddf-6e8e3ddeefc8	549393	16267	3267	2022-06-05
2022-06-08 06:04:12.873	2022-06-08 12:23:32.458	406d6f96-c05e-4303-a76d-d3a750c68372	4294834	154993	16501	2022-06-08
2022-06-09 08:44:35.023	2022-06-09 08:55:57.526	ec0eb006-91ad-4fe7-b7b7-a883136337e2	1096767	48008	6291	2022-06-09
2022-06-14 06:10:01.115	2022-06-14 06:10:01.121	b9c517d4-d6e9-429e-b86b-89383cdcedaa	6033421	173541	24169	2022-06-14
2022-06-14 06:10:01.132	2022-06-14 06:10:01.137	d53f819c-955a-4ec6-8a14-8b20b3b7d159	866281	20163	2608	2022-06-14
2022-06-14 06:10:01.142	2022-06-14 06:10:01.148	46de8926-9640-4d42-9f40-3088a34b3fd1	435567	6022	4323	2022-06-14
2022-06-05 09:02:03.927	2022-06-05 17:07:57.065	841da886-5f4b-4184-aaa8-89e638159ec6	23648803	815919	41532	2022-06-05
2022-06-05 07:33:13.764	2022-06-05 17:07:57.091	ec0eb006-91ad-4fe7-b7b7-a883136337e2	1095162	47995	6288	2022-06-05
2022-06-05 07:33:13.759	2022-06-05 17:07:57.087	a96de528-48cb-4be2-8100-845ad8fdcb2b	2461338	113926	17683	2022-06-05
2022-06-05 07:33:13.773	2022-06-05 17:07:57.095	9eab2380-df01-44cf-83a8-dab86a6be4da	392929	7451	509	2022-06-05
2022-06-05 07:33:13.768	2022-06-05 17:07:57.094	6a77c550-9a4f-409a-8865-6105e2b59379	2679581	118364	11840	2022-06-05
2022-06-05 08:40:29.618	2022-06-05 17:07:57.098	46de8926-9640-4d42-9f40-3088a34b3fd1	431882	5984	4313	2022-06-05
2022-06-06 08:17:33.269	2022-06-06 08:17:33.279	841da886-5f4b-4184-aaa8-89e638159ec6	23657176	816037	41533	2022-06-06
2022-06-06 08:17:33.269	2022-06-06 08:17:33.279	db09701c-5b3d-425d-b1bf-742c02fe923e	3985857	141593	18963	2022-06-06
2022-06-06 08:17:33.27	2022-06-06 08:17:33.279	884c5d2c-c5ee-4fa2-a516-4f42fb8c9905	1336285	41099	2455	2022-06-06
2022-06-06 08:17:33.275	2022-06-06 08:17:33.279	fe16bc85-f506-44fd-8fa9-99bf919bacd9	3527961	91874	4626	2022-06-06
2022-06-06 08:17:33.27	2022-06-06 08:17:33.279	c2d2ba8e-f6dd-407b-aa1e-24bab8888098	1713245	39622	30876	2022-06-06
2022-06-06 08:17:33.27	2022-06-06 08:17:33.279	88a2afc6-3e15-402c-aadc-094c470c35ed	17117113	73933	14871	2022-06-06
2022-06-06 08:17:33.27	2022-06-06 08:17:33.279	10e77c85-976b-43e9-bb95-65d5d8b92020	1994280	61722	4728	2022-06-06
2022-06-06 08:17:33.269	2022-06-06 08:17:33.279	406d6f96-c05e-4303-a76d-d3a750c68372	4291443	154942	16498	2022-06-06
2022-06-06 08:17:33.269	2022-06-06 08:17:33.279	ccedb919-a463-4114-9a94-1e8491aa1db6	14875260	197580	9163	2022-06-06
2022-06-06 08:17:33.27	2022-06-06 08:17:33.279	74d3c228-3554-40a6-b5f8-944444ebc3ba	1406801	29910	2163	2022-06-06
2022-06-06 08:17:33.284	2022-06-06 08:17:33.288	84683ea8-478f-48b8-8004-cece493fee98	1979413	64693	6983	2022-06-06
2022-06-06 08:17:33.269	2022-06-06 08:17:33.279	13eb9117-d884-4b07-ae5b-0987b8208202	14485505	639690	32474	2022-06-06
2022-06-06 08:17:33.272	2022-06-06 08:17:33.279	81fd3b51-ca00-411e-adcd-1e3b77cbe91b	5975295	210541	8801	2022-06-06
2022-06-06 08:17:33.288	2022-06-06 08:17:33.292	e87d119d-6bd0-4a07-b2c4-ba2cf2516f9e	1605464	59686	6254	2022-06-06
2022-06-06 08:17:33.286	2022-06-06 08:17:33.289	20d7e49e-782d-4c26-84da-77cacf63fcd6	1354159	35882	1931	2022-06-06
2022-06-06 08:17:33.287	2022-06-06 08:17:33.293	0505a84b-01d7-4716-a7b2-61b70f18c033	4428369	153851	11875	2022-06-06
2022-06-06 08:17:33.286	2022-06-06 08:17:33.291	88deded7-0232-4819-9e39-2013dc7cc285	90689	7130	675	2022-06-06
2022-06-06 08:17:33.286	2022-06-06 08:17:33.292	df652a57-7728-4e08-8f6d-a44dc2fa64bf	418591	9069	2111	2022-06-06
2022-06-06 08:17:33.285	2022-06-06 08:17:33.289	17d98a07-34f5-4b1e-979e-1ce356994c1f	3921987	97204	11413	2022-06-06
2022-06-06 08:17:33.288	2022-06-06 08:17:33.293	74dd785f-fa76-4251-9f7a-f63d6b37e37b	3454560	77008	5666	2022-06-06
2022-06-06 08:17:33.291	2022-06-06 08:17:33.294	b9c517d4-d6e9-429e-b86b-89383cdcedaa	6027119	173495	24195	2022-06-06
2022-06-06 08:17:33.293	2022-06-06 08:17:33.296	d87f51bd-042d-4278-997f-b9f45f28a0bf	2744848	92279	11503	2022-06-06
2022-06-06 08:17:33.294	2022-06-06 08:17:33.297	ce03228a-e0fb-4bf4-be33-035373d49ed0	5190653	169145	32629	2022-06-06
2022-06-06 08:17:33.294	2022-06-06 08:17:33.298	1c5e8059-55e2-4fba-b4d1-102f910c8bb2	1993641	55933	5118	2022-06-06
2022-06-06 08:17:33.29	2022-06-06 08:17:33.293	f33dc980-fc6c-48c4-a82b-e3723441fa8b	3119821	33450	4478	2022-06-06
2022-06-06 08:17:33.293	2022-06-06 08:17:33.298	ec0eb006-91ad-4fe7-b7b7-a883136337e2	1095516	48005	6290	2022-06-06
2022-06-06 08:17:33.295	2022-06-06 08:17:33.3	3e379e98-6601-4435-ab23-dcd434560c22	1588825	25848	2680	2022-06-06
2022-06-06 08:17:33.287	2022-06-06 08:17:33.295	a4e59c4a-c362-4721-8036-b612d42a3f17	1660012	12261	1207	2022-06-06
2022-06-06 08:17:33.287	2022-06-06 08:17:33.295	a96de528-48cb-4be2-8100-845ad8fdcb2b	2465519	113975	17687	2022-06-06
2022-06-06 08:17:33.296	2022-06-06 08:17:33.302	7b58eba6-3a0c-4034-9bf2-b7016ed5338f	15540024	384278	23471	2022-06-06
2022-06-06 08:17:33.299	2022-06-06 08:17:33.303	e703f552-72fb-432a-af06-7844bdf34949	5143098	212201	0	2022-06-06
2022-06-06 08:17:33.302	2022-06-06 08:17:33.306	16bf2fec-627c-4a47-9c0e-06ded47b4d60	1012954	35980	2680	2022-06-06
2022-06-06 08:17:33.296	2022-06-06 08:17:33.3	d57d9e2d-c7ab-4ab1-8d59-66d3d8509a8b	3230135	83316	11108	2022-06-06
2022-06-06 08:17:33.294	2022-06-06 08:17:33.301	f19186ab-e0ab-4e0d-bbd0-5157cd48a497	834785	31207	2698	2022-06-06
2022-06-06 08:17:33.289	2022-06-06 08:17:33.3	0563e9f0-cc42-43f2-9da0-3e9562d0ea71	2539510	82710	4999	2022-06-06
2022-06-06 08:17:33.301	2022-06-06 08:17:33.308	4d02491e-28dc-458e-a012-c76d5a15e496	5218010	164608	21366	2022-06-06
2022-06-06 08:17:33.304	2022-06-06 08:17:33.308	9eab2380-df01-44cf-83a8-dab86a6be4da	393898	7464	509	2022-06-06
2022-06-06 08:17:33.302	2022-06-06 08:17:33.306	dc865347-8375-43c9-ba67-1bb999f287e8	904349	65163	7608	2022-06-06
2022-06-06 08:17:33.304	2022-06-06 08:17:33.308	d53f819c-955a-4ec6-8a14-8b20b3b7d159	861711	20078	2599	2022-06-06
2022-06-06 08:17:33.301	2022-06-06 08:17:33.308	bfb21ce3-2d6d-4bae-9964-6764a2f13372	10356637	343363	23807	2022-06-06
2022-06-06 08:17:33.306	2022-06-06 08:17:33.31	5a6c02a0-8d65-4efb-a3f1-a0bc25c3a9af	108445	9770	1362	2022-06-06
2022-06-06 08:17:33.305	2022-06-06 08:17:33.31	1d5f49b8-a20f-4152-970e-3bfb15afa7e7	503524	21895	3001	2022-06-06
2022-06-06 08:17:33.301	2022-06-06 08:17:33.307	6a77c550-9a4f-409a-8865-6105e2b59379	2682571	118440	11845	2022-06-06
2022-06-06 08:17:33.305	2022-06-06 08:17:33.31	ade20fd1-6743-4000-8140-9fe054fc464b	1565417	43230	5072	2022-06-06
2022-06-06 08:17:33.307	2022-06-06 08:17:33.312	46de8926-9640-4d42-9f40-3088a34b3fd1	432197	5985	4313	2022-06-06
2022-06-06 08:17:33.307	2022-06-06 08:17:33.311	c764609e-f0bf-4933-8ddf-6e8e3ddeefc8	574737	16645	3324	2022-06-06
2022-06-07 05:33:23.631	2022-06-07 05:33:23.637	4762c5df-c703-4b70-b83e-1000114da1f8	181996	6956	493	2022-06-07
2022-06-07 05:33:24.132	2022-06-07 05:33:24.138	db09701c-5b3d-425d-b1bf-742c02fe923e	3989288	141649	18972	2022-06-07
2022-06-07 05:33:24.133	2022-06-07 05:33:24.139	fe16bc85-f506-44fd-8fa9-99bf919bacd9	3533099	91966	4628	2022-06-07
2022-06-07 05:33:24.136	2022-06-07 05:33:24.14	c2d2ba8e-f6dd-407b-aa1e-24bab8888098	1714743	39647	30874	2022-06-07
2022-06-07 05:33:24.139	2022-06-07 05:33:24.144	ccedb919-a463-4114-9a94-1e8491aa1db6	14926410	198086	9165	2022-06-07
2022-06-07 05:33:24.137	2022-06-07 05:33:24.143	841da886-5f4b-4184-aaa8-89e638159ec6	23668072	816249	41548	2022-06-07
2022-06-07 05:33:24.14	2022-06-07 05:33:24.146	10e77c85-976b-43e9-bb95-65d5d8b92020	1995148	61735	4730	2022-06-07
2022-06-07 05:33:24.155	2022-06-07 05:33:24.161	13eb9117-d884-4b07-ae5b-0987b8208202	14501983	640086	32497	2022-06-07
2022-06-07 05:33:24.176	2022-06-07 05:33:24.18	df652a57-7728-4e08-8f6d-a44dc2fa64bf	419119	9072	2111	2022-06-07
2022-06-07 05:33:24.175	2022-06-07 05:33:24.179	884c5d2c-c5ee-4fa2-a516-4f42fb8c9905	1336976	41117	2458	2022-06-07
2022-06-07 05:33:24.159	2022-06-07 05:33:24.163	74d3c228-3554-40a6-b5f8-944444ebc3ba	1407125	29917	2163	2022-06-07
2022-06-07 05:33:24.18	2022-06-07 05:33:24.183	84683ea8-478f-48b8-8004-cece493fee98	1981255	64721	6985	2022-06-07
2022-06-07 05:33:24.149	2022-06-07 05:33:24.152	81fd3b51-ca00-411e-adcd-1e3b77cbe91b	5977870	210594	8805	2022-06-07
2022-06-07 05:33:24.173	2022-06-07 05:33:24.182	406d6f96-c05e-4303-a76d-d3a750c68372	4292970	154972	16501	2022-06-07
2022-06-07 05:33:24.191	2022-06-07 05:33:24.193	f33dc980-fc6c-48c4-a82b-e3723441fa8b	3120039	33453	4478	2022-06-07
2022-06-07 05:33:24.186	2022-06-07 05:33:24.192	0505a84b-01d7-4716-a7b2-61b70f18c033	4433815	153959	11883	2022-06-07
2022-06-07 05:33:24.176	2022-06-07 05:33:24.181	88a2afc6-3e15-402c-aadc-094c470c35ed	17120993	73988	14882	2022-06-07
2022-06-07 05:33:24.185	2022-06-07 05:33:24.189	17d98a07-34f5-4b1e-979e-1ce356994c1f	3931346	97349	11426	2022-06-07
2022-06-07 05:33:24.193	2022-06-07 05:33:24.196	b9c517d4-d6e9-429e-b86b-89383cdcedaa	6027344	173498	24187	2022-06-07
2022-06-07 05:33:24.195	2022-06-07 05:33:24.198	e703f552-72fb-432a-af06-7844bdf34949	5292933	214164	138	2022-06-07
2022-06-07 05:33:24.188	2022-06-07 05:33:24.196	20d7e49e-782d-4c26-84da-77cacf63fcd6	1354978	35892	1931	2022-06-07
2022-06-07 05:33:24.185	2022-06-07 05:33:24.194	a96de528-48cb-4be2-8100-845ad8fdcb2b	2470691	114056	17684	2022-06-07
2022-06-07 05:33:24.196	2022-06-07 05:33:24.2	7b58eba6-3a0c-4034-9bf2-b7016ed5338f	15560052	384489	23477	2022-06-07
2022-06-08 06:04:12.873	2022-06-08 12:23:32.458	c2d2ba8e-f6dd-407b-aa1e-24bab8888098	1716446	39676	30883	2022-06-08
2022-06-08 06:04:12.873	2022-06-08 12:23:32.458	13eb9117-d884-4b07-ae5b-0987b8208202	14524681	640616	32531	2022-06-08
2022-06-08 06:04:12.873	2022-06-08 12:23:32.458	841da886-5f4b-4184-aaa8-89e638159ec6	23681031	816496	41609	2022-06-08
2022-06-08 06:04:12.873	2022-06-08 12:23:32.458	88a2afc6-3e15-402c-aadc-094c470c35ed	17125775	74047	14902	2022-06-08
2022-06-09 08:44:34.96	2022-06-09 08:55:57.476	13eb9117-d884-4b07-ae5b-0987b8208202	14541556	640993	32579	2022-06-09
2022-06-10 08:05:00.638	2022-06-10 08:05:00.658	841da886-5f4b-4184-aaa8-89e638159ec6	23702076	816894	41684	2022-06-10
2022-06-25 06:34:16.541	2022-06-25 08:08:06.743	fe16bc85-f506-44fd-8fa9-99bf919bacd9	3580788	92661	4629	2022-06-25
2022-06-25 06:34:16.541	2022-06-25 08:08:06.74	ccedb919-a463-4114-9a94-1e8491aa1db6	15362804	201896	9224	2022-06-25
2022-06-25 06:34:16.542	2022-06-25 08:08:06.741	db09701c-5b3d-425d-b1bf-742c02fe923e	4028748	142076	18976	2022-06-25
2022-06-25 06:34:16.545	2022-06-25 08:08:06.744	c2d2ba8e-f6dd-407b-aa1e-24bab8888098	1764268	40522	31102	2022-06-25
2022-06-25 06:34:16.548	2022-06-25 08:08:06.746	841da886-5f4b-4184-aaa8-89e638159ec6	23883163	820109	41854	2022-06-25
2022-06-25 06:34:16.547	2022-06-25 08:08:06.745	10e77c85-976b-43e9-bb95-65d5d8b92020	2015038	62020	4741	2022-06-25
2022-06-25 06:34:16.551	2022-06-25 08:08:06.748	13eb9117-d884-4b07-ae5b-0987b8208202	14899054	650188	33087	2022-06-25
2022-06-25 06:34:16.549	2022-06-25 08:08:06.747	81fd3b51-ca00-411e-adcd-1e3b77cbe91b	6110256	213166	8871	2022-06-25
2022-06-25 06:34:16.552	2022-06-25 08:08:06.749	406d6f96-c05e-4303-a76d-d3a750c68372	4323405	155436	16522	2022-06-25
2022-06-25 06:34:16.554	2022-06-25 08:08:06.749	884c5d2c-c5ee-4fa2-a516-4f42fb8c9905	1349926	41437	2472	2022-06-25
2022-06-25 06:34:16.555	2022-06-25 08:08:06.748	74d3c228-3554-40a6-b5f8-944444ebc3ba	1412078	29993	2159	2022-06-25
2022-06-25 06:34:16.557	2022-06-25 08:08:06.751	84683ea8-478f-48b8-8004-cece493fee98	2042528	66252	7030	2022-06-25
2022-06-25 06:34:16.556	2022-06-25 08:08:06.75	88a2afc6-3e15-402c-aadc-094c470c35ed	17375642	76763	15234	2022-06-25
2022-06-25 06:34:16.557	2022-06-25 08:08:06.75	df652a57-7728-4e08-8f6d-a44dc2fa64bf	442050	9509	2143	2022-06-25
2022-06-25 06:34:16.558	2022-06-25 08:08:06.751	a96de528-48cb-4be2-8100-845ad8fdcb2b	2533767	115200	17799	2022-06-25
2022-06-25 06:34:16.561	2022-06-25 08:08:06.753	17d98a07-34f5-4b1e-979e-1ce356994c1f	4017166	98510	11531	2022-06-25
2022-06-25 06:34:16.56	2022-06-25 08:08:06.753	88deded7-0232-4819-9e39-2013dc7cc285	92356	7207	685	2022-06-25
2022-06-25 06:34:16.558	2022-06-25 08:08:06.752	0563e9f0-cc42-43f2-9da0-3e9562d0ea71	2640137	85074	5118	2022-06-25
2022-06-25 06:34:16.56	2022-06-25 08:08:06.753	a4e59c4a-c362-4721-8036-b612d42a3f17	1665040	12338	1211	2022-06-25
2022-06-25 06:34:16.561	2022-06-25 08:08:06.754	0505a84b-01d7-4716-a7b2-61b70f18c033	4550670	156171	11986	2022-06-25
2022-06-25 06:34:16.562	2022-06-25 08:08:06.754	20d7e49e-782d-4c26-84da-77cacf63fcd6	1364891	35953	1933	2022-06-25
2022-06-25 06:34:16.564	2022-06-25 08:08:06.755	f33dc980-fc6c-48c4-a82b-e3723441fa8b	3124530	33504	4478	2022-06-25
2022-06-25 06:34:16.563	2022-06-25 08:08:06.755	e87d119d-6bd0-4a07-b2c4-ba2cf2516f9e	1623818	60174	6272	2022-06-25
2022-06-25 06:34:16.564	2022-06-25 08:08:06.755	b9c517d4-d6e9-429e-b86b-89383cdcedaa	6039833	173596	24152	2022-06-25
2022-06-25 06:34:16.563	2022-06-25 08:08:06.755	74dd785f-fa76-4251-9f7a-f63d6b37e37b	3470134	77328	5686	2022-06-25
2022-06-25 06:34:16.567	2022-06-25 08:08:06.757	e703f552-72fb-432a-af06-7844bdf34949	5925179	224237	13018	2022-06-25
2022-06-25 06:34:16.567	2022-06-25 08:08:06.757	7b58eba6-3a0c-4034-9bf2-b7016ed5338f	15874581	387969	23597	2022-06-25
2022-06-25 06:34:16.565	2022-06-25 08:08:06.756	ec0eb006-91ad-4fe7-b7b7-a883136337e2	1102920	48119	6295	2022-06-25
2022-06-25 06:34:16.567	2022-06-25 08:08:06.757	d87f51bd-042d-4278-997f-b9f45f28a0bf	2772551	92529	11508	2022-06-25
2022-06-25 06:34:16.566	2022-06-25 08:08:06.756	f19186ab-e0ab-4e0d-bbd0-5157cd48a497	853619	31408	2699	2022-06-25
2022-06-25 06:34:16.569	2022-06-25 08:08:06.759	ce03228a-e0fb-4bf4-be33-035373d49ed0	5246303	169820	32613	2022-06-25
2022-06-25 06:34:16.568	2022-06-25 08:08:06.758	1c5e8059-55e2-4fba-b4d1-102f910c8bb2	2070786	56498	5155	2022-06-25
2022-06-25 06:34:16.569	2022-06-25 08:08:06.759	d57d9e2d-c7ab-4ab1-8d59-66d3d8509a8b	3394629	84476	11190	2022-06-25
2022-06-25 06:34:16.568	2022-06-25 08:08:06.758	3e379e98-6601-4435-ab23-dcd434560c22	1595152	25985	2685	2022-06-25
2022-06-25 06:34:16.57	2022-06-25 08:08:06.76	bfb21ce3-2d6d-4bae-9964-6764a2f13372	10369274	343588	23808	2022-06-25
2022-06-25 06:34:16.574	2022-06-25 08:08:06.761	4d02491e-28dc-458e-a012-c76d5a15e496	5345005	167276	21869	2022-06-25
2022-06-25 06:34:16.572	2022-06-25 08:08:06.761	d53f819c-955a-4ec6-8a14-8b20b3b7d159	868151	20211	2599	2022-06-25
2022-06-25 06:34:16.57	2022-06-25 08:08:06.76	6a77c550-9a4f-409a-8865-6105e2b59379	2748461	120248	11993	2022-06-25
2022-06-25 06:34:16.574	2022-06-25 08:08:06.762	dc865347-8375-43c9-ba67-1bb999f287e8	911313	65268	7608	2022-06-25
2022-06-25 06:34:16.572	2022-06-25 08:08:06.761	c764609e-f0bf-4933-8ddf-6e8e3ddeefc8	667505	18024	3512	2022-06-25
2022-06-25 06:34:16.573	2022-06-25 08:08:06.762	16bf2fec-627c-4a47-9c0e-06ded47b4d60	1021585	36127	2681	2022-06-25
2022-06-25 06:34:16.576	2022-06-25 08:08:06.763	5a6c02a0-8d65-4efb-a3f1-a0bc25c3a9af	138634	11654	1552	2022-06-25
2022-06-25 06:34:16.575	2022-06-25 08:08:06.763	ade20fd1-6743-4000-8140-9fe054fc464b	1567063	43234	5073	2022-06-25
2022-06-25 06:34:16.577	2022-06-25 08:08:06.764	9eab2380-df01-44cf-83a8-dab86a6be4da	404603	7590	511	2022-06-25
2022-06-25 06:34:16.577	2022-06-25 08:08:06.764	1d5f49b8-a20f-4152-970e-3bfb15afa7e7	745009	27073	3546	2022-06-25
2022-06-25 06:34:16.58	2022-06-25 08:08:06.766	b5a112b7-b42b-4e6c-8450-0c5053e7c7a0	517384	18711	2726	2022-06-25
2022-06-25 06:34:16.578	2022-06-25 08:08:06.765	46de8926-9640-4d42-9f40-3088a34b3fd1	439858	6070	4334	2022-06-25
2022-06-25 06:34:16.579	2022-06-25 08:08:06.765	4762c5df-c703-4b70-b83e-1000114da1f8	185259	7631	538	2022-06-25
2022-06-25 06:34:16.58	2022-06-25 08:08:06.766	cc479880-7eac-417f-aa20-2bdb51beba31	28198300	419685	30592	2022-06-25
2022-06-25 06:34:16.581	2022-06-25 08:08:06.767	02978247-aa5e-4021-9e97-12d1b07a24cc	408272	16507	2576	2022-06-25
2022-06-26 00:42:36.034	2022-06-26 00:42:36.035	fe16bc85-f506-44fd-8fa9-99bf919bacd9	3581965	92676	4630	2022-06-26
2022-06-26 00:42:36.034	2022-06-26 00:42:36.035	ccedb919-a463-4114-9a94-1e8491aa1db6	15370536	201963	9225	2022-06-26
2022-06-26 00:42:36.035	2022-06-26 00:42:36.036	db09701c-5b3d-425d-b1bf-742c02fe923e	4029734	142082	18977	2022-06-26
2022-06-26 00:42:36.036	2022-06-26 00:42:36.038	c2d2ba8e-f6dd-407b-aa1e-24bab8888098	1765941	40548	31107	2022-06-26
2022-06-26 00:42:36.039	2022-06-26 00:42:36.04	841da886-5f4b-4184-aaa8-89e638159ec6	23892424	820268	41859	2022-06-26
2022-06-26 00:42:36.038	2022-06-26 00:42:36.039	10e77c85-976b-43e9-bb95-65d5d8b92020	2015736	62029	4741	2022-06-26
2022-06-26 00:42:36.041	2022-06-26 00:42:36.042	13eb9117-d884-4b07-ae5b-0987b8208202	14913931	650584	33114	2022-06-26
2022-06-26 00:42:36.04	2022-06-26 00:42:36.041	81fd3b51-ca00-411e-adcd-1e3b77cbe91b	6113712	213218	8871	2022-06-26
2022-06-26 00:42:36.045	2022-06-26 00:42:36.046	884c5d2c-c5ee-4fa2-a516-4f42fb8c9905	1350235	41442	2473	2022-06-26
2022-06-26 00:42:36.044	2022-06-26 00:42:36.045	406d6f96-c05e-4303-a76d-d3a750c68372	4324149	155444	16522	2022-06-26
2022-06-26 00:42:36.042	2022-06-26 00:42:36.043	74d3c228-3554-40a6-b5f8-944444ebc3ba	1412274	29996	2159	2022-06-26
2022-06-26 00:42:36.049	2022-06-26 00:42:36.05	84683ea8-478f-48b8-8004-cece493fee98	2043420	66274	7027	2022-06-26
2022-06-26 00:42:36.047	2022-06-26 00:42:36.048	88a2afc6-3e15-402c-aadc-094c470c35ed	17378747	76814	15240	2022-06-26
2022-06-26 00:42:36.048	2022-06-26 00:42:36.049	df652a57-7728-4e08-8f6d-a44dc2fa64bf	442389	9514	2144	2022-06-26
2022-06-26 00:42:36.054	2022-06-26 00:42:36.055	88deded7-0232-4819-9e39-2013dc7cc285	92415	7209	685	2022-06-26
2022-06-26 00:42:36.055	2022-06-26 00:42:36.058	17d98a07-34f5-4b1e-979e-1ce356994c1f	4019972	98552	11530	2022-06-26
2022-06-26 00:42:36.051	2022-06-26 00:42:36.052	a96de528-48cb-4be2-8100-845ad8fdcb2b	2535467	115226	17804	2022-06-26
2022-06-26 00:42:36.052	2022-06-26 00:42:36.054	a4e59c4a-c362-4721-8036-b612d42a3f17	1665316	12341	1211	2022-06-26
2022-06-26 00:42:36.058	2022-06-26 00:42:36.059	20d7e49e-782d-4c26-84da-77cacf63fcd6	1365086	35954	1933	2022-06-26
2022-06-26 00:42:36.053	2022-06-26 00:42:36.058	0563e9f0-cc42-43f2-9da0-3e9562d0ea71	2641915	85106	5117	2022-06-26
2022-06-26 00:42:36.059	2022-06-26 00:42:36.06	e87d119d-6bd0-4a07-b2c4-ba2cf2516f9e	1624320	60183	6273	2022-06-26
2022-06-26 00:42:36.058	2022-06-26 00:42:36.059	0505a84b-01d7-4716-a7b2-61b70f18c033	4555760	156270	11994	2022-06-26
2022-06-26 00:42:36.059	2022-06-26 00:42:36.06	74dd785f-fa76-4251-9f7a-f63d6b37e37b	3470366	77333	5687	2022-06-26
2022-06-26 00:42:36.06	2022-06-26 00:42:36.061	f33dc980-fc6c-48c4-a82b-e3723441fa8b	3124840	33506	4480	2022-06-26
2022-06-26 00:42:36.06	2022-06-26 00:42:36.061	b9c517d4-d6e9-429e-b86b-89383cdcedaa	6040082	173601	24151	2022-06-26
2022-06-26 00:42:36.063	2022-06-26 00:42:36.064	7b58eba6-3a0c-4034-9bf2-b7016ed5338f	15886166	388124	23599	2022-06-26
2022-06-26 00:42:36.062	2022-06-26 00:42:36.063	e703f552-72fb-432a-af06-7844bdf34949	5934341	224421	13027	2022-06-26
2022-06-26 00:42:36.064	2022-06-26 00:42:36.064	d87f51bd-042d-4278-997f-b9f45f28a0bf	2773092	92530	11509	2022-06-26
2022-06-26 00:42:36.065	2022-06-26 00:42:36.066	ce03228a-e0fb-4bf4-be33-035373d49ed0	5248757	169859	32614	2022-06-26
2022-06-26 00:42:36.061	2022-06-26 00:42:36.062	f19186ab-e0ab-4e0d-bbd0-5157cd48a497	854464	31414	2699	2022-06-26
2022-06-26 00:42:36.066	2022-06-26 00:42:36.067	1c5e8059-55e2-4fba-b4d1-102f910c8bb2	2072716	56518	5158	2022-06-26
2022-06-26 00:42:36.061	2022-06-26 00:42:36.064	ec0eb006-91ad-4fe7-b7b7-a883136337e2	1103166	48126	6295	2022-06-26
2022-06-26 00:42:36.064	2022-06-26 00:42:36.066	3e379e98-6601-4435-ab23-dcd434560c22	1595266	25989	2685	2022-06-26
2022-06-26 00:42:36.066	2022-06-26 00:42:36.067	d57d9e2d-c7ab-4ab1-8d59-66d3d8509a8b	3401119	84511	11191	2022-06-26
2022-06-26 00:42:36.068	2022-06-26 00:42:36.07	bfb21ce3-2d6d-4bae-9964-6764a2f13372	10369599	343599	23806	2022-06-26
2022-06-26 00:42:36.075	2022-06-26 00:42:36.076	9eab2380-df01-44cf-83a8-dab86a6be4da	404834	7594	511	2022-06-26
2022-06-26 00:42:36.078	2022-06-26 00:42:36.079	cc479880-7eac-417f-aa20-2bdb51beba31	28233909	420294	30635	2022-06-26
2022-06-26 00:42:36.07	2022-06-26 00:42:36.074	16bf2fec-627c-4a47-9c0e-06ded47b4d60	1021896	36140	2681	2022-06-26
2022-06-26 00:42:36.071	2022-06-26 00:42:36.074	4d02491e-28dc-458e-a012-c76d5a15e496	5347021	167319	21873	2022-06-26
2022-06-26 00:42:36.075	2022-06-26 00:42:36.077	1d5f49b8-a20f-4152-970e-3bfb15afa7e7	749849	27126	3548	2022-06-26
2022-06-26 00:42:36.067	2022-06-26 00:42:36.068	6a77c550-9a4f-409a-8865-6105e2b59379	2750701	120302	11998	2022-06-26
2022-06-26 00:42:36.073	2022-06-26 00:42:36.074	dc865347-8375-43c9-ba67-1bb999f287e8	911413	65267	7608	2022-06-26
2022-06-26 00:42:36.077	2022-06-26 00:42:36.078	46de8926-9640-4d42-9f40-3088a34b3fd1	440176	6074	4335	2022-06-26
2022-06-26 00:42:36.07	2022-06-26 00:42:36.071	d53f819c-955a-4ec6-8a14-8b20b3b7d159	868186	20212	2599	2022-06-26
2022-06-26 00:42:36.074	2022-06-26 00:42:36.075	ade20fd1-6743-4000-8140-9fe054fc464b	1567107	43234	5073	2022-06-26
2022-06-26 00:42:36.077	2022-06-26 00:42:36.079	4762c5df-c703-4b70-b83e-1000114da1f8	185512	7639	538	2022-06-26
2022-06-26 00:42:36.069	2022-06-26 00:42:36.07	c764609e-f0bf-4933-8ddf-6e8e3ddeefc8	668578	18040	3514	2022-06-26
2022-06-26 00:42:36.074	2022-06-26 00:42:36.076	5a6c02a0-8d65-4efb-a3f1-a0bc25c3a9af	138994	11662	1552	2022-06-26
2022-06-26 00:42:36.079	2022-06-26 00:42:36.08	b5a112b7-b42b-4e6c-8450-0c5053e7c7a0	519713	18764	2730	2022-06-26
2022-06-26 00:42:36.081	2022-06-26 00:42:36.083	02978247-aa5e-4021-9e97-12d1b07a24cc	410648	16554	2579	2022-06-26
2022-06-27 00:42:01.535	2022-06-27 00:42:01.536	ccedb919-a463-4114-9a94-1e8491aa1db6	15381033	202047	9226	2022-06-27
2022-06-27 00:42:01.536	2022-06-27 00:42:01.537	db09701c-5b3d-425d-b1bf-742c02fe923e	4031349	142096	18977	2022-06-27
2022-06-27 00:42:01.538	2022-06-27 00:42:01.539	fe16bc85-f506-44fd-8fa9-99bf919bacd9	3583840	92703	4630	2022-06-27
2022-06-27 00:42:01.54	2022-06-27 00:42:01.541	c2d2ba8e-f6dd-407b-aa1e-24bab8888098	1768404	40596	31122	2022-06-27
2022-06-27 00:42:01.542	2022-06-27 00:42:01.543	841da886-5f4b-4184-aaa8-89e638159ec6	23906153	820547	41858	2022-06-27
2022-06-27 00:42:01.541	2022-06-27 00:42:01.542	10e77c85-976b-43e9-bb95-65d5d8b92020	2016787	62047	4741	2022-06-27
2022-06-27 00:42:01.543	2022-06-27 00:42:01.544	13eb9117-d884-4b07-ae5b-0987b8208202	14935454	651107	33136	2022-06-27
2022-06-27 00:42:01.543	2022-06-27 00:42:01.544	81fd3b51-ca00-411e-adcd-1e3b77cbe91b	6117769	213281	8874	2022-06-27
2022-06-27 00:42:01.544	2022-06-27 00:42:01.546	406d6f96-c05e-4303-a76d-d3a750c68372	4325312	155457	16524	2022-06-27
2022-06-27 00:42:01.546	2022-06-27 00:42:01.547	884c5d2c-c5ee-4fa2-a516-4f42fb8c9905	1350796	41460	2474	2022-06-27
2022-06-27 00:42:01.544	2022-06-27 00:42:01.546	74d3c228-3554-40a6-b5f8-944444ebc3ba	1412610	29999	2160	2022-06-27
2022-06-27 00:42:01.547	2022-06-27 00:42:01.547	84683ea8-478f-48b8-8004-cece493fee98	2044783	66309	7030	2022-06-27
2022-06-27 00:42:01.546	2022-06-27 00:42:01.547	88a2afc6-3e15-402c-aadc-094c470c35ed	17383431	76864	15246	2022-06-27
2022-06-27 00:42:01.547	2022-06-27 00:42:01.548	df652a57-7728-4e08-8f6d-a44dc2fa64bf	442887	9526	2144	2022-06-27
2022-06-27 00:42:01.549	2022-06-27 00:42:01.55	a4e59c4a-c362-4721-8036-b612d42a3f17	1665643	12349	1212	2022-06-27
2022-06-27 00:42:01.549	2022-06-27 00:42:01.55	88deded7-0232-4819-9e39-2013dc7cc285	92486	7212	685	2022-06-27
2022-06-27 00:42:01.548	2022-06-27 00:42:01.549	a96de528-48cb-4be2-8100-845ad8fdcb2b	2537696	115267	3400	2022-06-27
2022-06-27 00:42:01.55	2022-06-27 00:42:01.551	17d98a07-34f5-4b1e-979e-1ce356994c1f	4023768	98612	11525	2022-06-27
2022-06-27 00:42:01.548	2022-06-27 00:42:01.549	0563e9f0-cc42-43f2-9da0-3e9562d0ea71	2644325	85155	5118	2022-06-27
2022-06-27 00:42:01.55	2022-06-27 00:42:01.551	0505a84b-01d7-4716-a7b2-61b70f18c033	4563661	156432	11997	2022-06-27
2022-06-27 00:42:01.551	2022-06-27 00:42:01.552	20d7e49e-782d-4c26-84da-77cacf63fcd6	1365460	35958	1933	2022-06-27
2022-06-27 00:42:01.552	2022-06-27 00:42:01.553	f33dc980-fc6c-48c4-a82b-e3723441fa8b	3125381	33511	4483	2022-06-27
2022-06-27 00:42:01.552	2022-06-27 00:42:01.553	e87d119d-6bd0-4a07-b2c4-ba2cf2516f9e	1625192	60210	6273	2022-06-27
2022-06-27 00:42:01.551	2022-06-27 00:42:01.552	74dd785f-fa76-4251-9f7a-f63d6b37e37b	3470759	77339	5687	2022-06-27
2022-06-27 00:42:01.552	2022-06-27 00:42:01.553	b9c517d4-d6e9-429e-b86b-89383cdcedaa	6040414	173600	24150	2022-06-27
2022-06-27 00:42:01.554	2022-06-27 00:42:01.555	e703f552-72fb-432a-af06-7844bdf34949	5947681	224682	13151	2022-06-27
2022-06-27 00:42:01.555	2022-06-27 00:42:01.555	7b58eba6-3a0c-4034-9bf2-b7016ed5338f	15905518	388343	23607	2022-06-27
2022-06-27 00:42:01.555	2022-06-27 00:42:01.556	d87f51bd-042d-4278-997f-b9f45f28a0bf	2773885	92545	11509	2022-06-27
2022-06-27 00:42:01.553	2022-06-27 00:42:01.554	ec0eb006-91ad-4fe7-b7b7-a883136337e2	1103537	48130	6294	2022-06-27
2022-06-27 00:42:01.556	2022-06-27 00:42:01.556	1c5e8059-55e2-4fba-b4d1-102f910c8bb2	2075299	56528	5160	2022-06-27
2022-06-27 00:42:01.553	2022-06-27 00:42:01.555	f19186ab-e0ab-4e0d-bbd0-5157cd48a497	855743	31423	2699	2022-06-27
2022-06-27 00:42:01.556	2022-06-27 00:42:01.557	ce03228a-e0fb-4bf4-be33-035373d49ed0	5252461	169908	32607	2022-06-27
2022-06-27 00:42:01.556	2022-06-27 00:42:01.557	d57d9e2d-c7ab-4ab1-8d59-66d3d8509a8b	3409673	84552	11192	2022-06-27
2022-06-27 00:42:01.556	2022-06-27 00:42:01.557	3e379e98-6601-4435-ab23-dcd434560c22	1595457	25989	2686	2022-06-27
2022-06-27 00:42:01.557	2022-06-27 00:42:01.558	bfb21ce3-2d6d-4bae-9964-6764a2f13372	10370220	343613	23805	2022-06-27
2022-06-27 00:42:01.559	2022-06-27 00:42:01.56	d53f819c-955a-4ec6-8a14-8b20b3b7d159	868297	20214	2600	2022-06-27
2022-06-27 00:42:01.557	2022-06-27 00:42:01.559	6a77c550-9a4f-409a-8865-6105e2b59379	2753575	120367	12002	2022-06-27
2022-06-27 00:42:01.56	2022-06-27 00:42:01.561	16bf2fec-627c-4a47-9c0e-06ded47b4d60	1022221	36148	2683	2022-06-27
2022-06-27 00:42:01.559	2022-06-27 00:42:01.56	c764609e-f0bf-4933-8ddf-6e8e3ddeefc8	670429	18065	3518	2022-06-27
2022-06-27 00:42:01.56	2022-06-27 00:42:01.561	4d02491e-28dc-458e-a012-c76d5a15e496	5349929	167379	21885	2022-06-27
2022-06-27 00:42:01.561	2022-06-27 00:42:01.561	dc865347-8375-43c9-ba67-1bb999f287e8	911558	65268	7608	2022-06-27
2022-06-27 00:42:01.563	2022-06-27 00:42:01.563	9eab2380-df01-44cf-83a8-dab86a6be4da	405313	7597	511	2022-06-27
2022-06-27 00:42:01.561	2022-06-27 00:42:01.562	ade20fd1-6743-4000-8140-9fe054fc464b	1567162	43234	5073	2022-06-27
2022-06-27 00:42:01.562	2022-06-27 00:42:01.563	5a6c02a0-8d65-4efb-a3f1-a0bc25c3a9af	139564	11674	1551	2022-06-27
2022-06-27 00:42:01.562	2022-06-27 00:42:01.564	1d5f49b8-a20f-4152-970e-3bfb15afa7e7	757362	27212	3553	2022-06-27
2022-06-27 00:42:01.565	2022-06-27 00:42:01.566	b5a112b7-b42b-4e6c-8450-0c5053e7c7a0	523578	18831	2751	2022-06-27
2022-06-27 00:42:01.564	2022-06-27 00:42:01.565	46de8926-9640-4d42-9f40-3088a34b3fd1	440645	6081	4338	2022-06-27
2022-06-27 00:42:01.564	2022-06-27 00:42:01.565	4762c5df-c703-4b70-b83e-1000114da1f8	185795	7647	538	2022-06-27
2022-06-27 00:42:01.565	2022-06-27 00:42:01.566	cc479880-7eac-417f-aa20-2bdb51beba31	28284740	421125	30696	2022-06-27
2022-06-27 00:42:01.571	2022-06-27 00:42:01.572	02978247-aa5e-4021-9e97-12d1b07a24cc	413747	16607	2583	2022-06-27
2022-06-28 00:39:09.158	2022-06-28 18:14:04.445	13eb9117-d884-4b07-ae5b-0987b8208202	14970547	652043	33200	2022-06-28
2022-06-28 00:39:09.161	2022-06-28 18:14:04.446	884c5d2c-c5ee-4fa2-a516-4f42fb8c9905	1351523	41477	2475	2022-06-28
2022-06-28 00:39:09.157	2022-06-28 18:14:04.444	81fd3b51-ca00-411e-adcd-1e3b77cbe91b	6123823	213384	8881	2022-06-28
2022-06-28 00:39:09.161	2022-06-28 18:14:04.446	406d6f96-c05e-4303-a76d-d3a750c68372	4327264	155496	16522	2022-06-28
2022-06-28 00:39:09.162	2022-06-28 18:14:04.446	88a2afc6-3e15-402c-aadc-094c470c35ed	17389733	76935	15250	2022-06-28
2022-06-28 00:39:09.162	2022-06-28 18:14:04.447	df652a57-7728-4e08-8f6d-a44dc2fa64bf	443623	9538	2144	2022-06-28
2022-06-28 16:28:11.82	2022-06-28 18:14:04.465	bb7d5bb4-10a2-4328-9558-779bcaddb827	8461930	386221	28198	2022-06-28
2022-06-28 12:54:04.057	2022-06-28 18:14:04.465	29ed6ff9-653a-4cca-aa4d-b78fe0fd8985	2103164	150272	21668	2022-06-28
2022-06-28 17:05:04.132	2022-06-28 18:14:04.465	3182b34b-1a01-4290-9176-a038c4a76524	25538	2076	263	2022-06-28
2022-06-28 17:05:04.139	2022-06-28 18:14:04.466	b39fa9cc-0c1f-408a-91f0-e3a720a69851	1085601	38089	4303	2022-06-28
2022-06-28 17:05:04.133	2022-06-28 18:14:04.466	145c49ae-4d41-47b3-8c8c-39d54ac3c8ec	3326354	966	141	2022-06-28
2022-06-28 00:39:09.151	2022-06-28 18:14:04.428	fe16bc85-f506-44fd-8fa9-99bf919bacd9	3586568	92748	4632	2022-06-28
2022-06-28 00:39:09.152	2022-06-28 18:14:04.43	ccedb919-a463-4114-9a94-1e8491aa1db6	15396597	202213	9231	2022-06-28
2022-06-28 00:39:09.153	2022-06-28 18:14:04.435	db09701c-5b3d-425d-b1bf-742c02fe923e	4033536	142116	18977	2022-06-28
2022-06-28 00:39:09.156	2022-06-28 18:14:04.44	841da886-5f4b-4184-aaa8-89e638159ec6	23927806	821041	41885	2022-06-28
2022-06-28 00:39:09.155	2022-06-28 18:14:04.439	10e77c85-976b-43e9-bb95-65d5d8b92020	2018375	62069	4743	2022-06-28
2022-06-28 00:39:09.154	2022-06-28 18:14:04.438	c2d2ba8e-f6dd-407b-aa1e-24bab8888098	1772107	40668	31143	2022-06-28
2022-06-28 00:39:09.159	2022-06-28 18:14:04.445	74d3c228-3554-40a6-b5f8-944444ebc3ba	1413071	30006	2160	2022-06-28
2022-06-28 00:39:09.163	2022-06-28 18:14:04.447	84683ea8-478f-48b8-8004-cece493fee98	2046757	66359	7030	2022-06-28
2022-06-28 00:39:09.164	2022-06-28 18:14:04.448	0563e9f0-cc42-43f2-9da0-3e9562d0ea71	2648106	85229	5122	2022-06-28
2022-06-28 00:39:09.166	2022-06-28 18:14:04.449	88deded7-0232-4819-9e39-2013dc7cc285	92570	7215	685	2022-06-28
2022-06-28 00:39:09.164	2022-06-28 18:14:04.448	a96de528-48cb-4be2-8100-845ad8fdcb2b	2541095	115334	0	2022-06-28
2022-06-28 00:39:09.166	2022-06-28 18:14:04.45	17d98a07-34f5-4b1e-979e-1ce356994c1f	4029428	98708	11532	2022-06-28
2022-06-28 00:39:09.167	2022-06-28 18:14:04.45	20d7e49e-782d-4c26-84da-77cacf63fcd6	1365993	35959	1914	2022-06-28
2022-06-28 00:39:09.166	2022-06-28 18:14:04.45	0505a84b-01d7-4716-a7b2-61b70f18c033	4576000	156687	11996	2022-06-28
2022-06-28 00:39:09.165	2022-06-28 18:14:04.449	a4e59c4a-c362-4721-8036-b612d42a3f17	1666050	12353	1212	2022-06-28
2022-06-28 00:39:09.168	2022-06-28 18:14:04.451	e87d119d-6bd0-4a07-b2c4-ba2cf2516f9e	1626680	60258	6271	2022-06-28
2022-06-28 00:39:09.169	2022-06-28 18:14:04.452	f33dc980-fc6c-48c4-a82b-e3723441fa8b	3127405	33526	4486	2022-06-28
2022-06-28 00:39:09.168	2022-06-28 18:14:04.451	74dd785f-fa76-4251-9f7a-f63d6b37e37b	3471416	77350	5689	2022-06-28
2022-06-28 00:39:09.169	2022-06-28 18:14:04.452	b9c517d4-d6e9-429e-b86b-89383cdcedaa	6041126	173607	24147	2022-06-28
2022-06-28 00:39:09.17	2022-06-28 18:14:04.454	e703f552-72fb-432a-af06-7844bdf34949	5965417	225069	13634	2022-06-28
2022-06-28 00:39:09.17	2022-06-28 18:14:04.453	ec0eb006-91ad-4fe7-b7b7-a883136337e2	1104063	48142	6295	2022-06-28
2022-06-28 00:39:09.171	2022-06-28 18:14:04.454	7b58eba6-3a0c-4034-9bf2-b7016ed5338f	15933420	388706	23627	2022-06-28
2022-06-28 00:39:09.171	2022-06-28 18:14:04.454	d87f51bd-042d-4278-997f-b9f45f28a0bf	2775325	92561	11509	2022-06-28
2022-06-28 00:39:09.172	2022-06-28 18:14:04.455	1c5e8059-55e2-4fba-b4d1-102f910c8bb2	2079122	56568	5160	2022-06-28
2022-06-28 00:39:09.17	2022-06-28 18:14:04.453	f19186ab-e0ab-4e0d-bbd0-5157cd48a497	858110	31445	2698	2022-06-28
2022-06-28 00:39:09.173	2022-06-28 18:14:04.456	d57d9e2d-c7ab-4ab1-8d59-66d3d8509a8b	3421489	84657	11205	2022-06-28
2022-06-28 00:39:09.173	2022-06-28 18:14:04.456	ce03228a-e0fb-4bf4-be33-035373d49ed0	5257663	169986	32602	2022-06-28
2022-06-28 00:39:09.172	2022-06-28 18:14:04.455	3e379e98-6601-4435-ab23-dcd434560c22	1595730	25999	2686	2022-06-28
2022-06-28 00:39:09.174	2022-06-28 18:14:04.456	bfb21ce3-2d6d-4bae-9964-6764a2f13372	10371236	343633	23807	2022-06-28
2022-06-28 00:39:09.176	2022-06-28 18:14:04.459	4d02491e-28dc-458e-a012-c76d5a15e496	5355094	167497	21901	2022-06-28
2022-06-28 00:39:09.175	2022-06-28 18:14:04.458	d53f819c-955a-4ec6-8a14-8b20b3b7d159	868487	20218	2601	2022-06-28
2022-06-28 00:39:09.174	2022-06-28 18:14:04.457	6a77c550-9a4f-409a-8865-6105e2b59379	2757958	120484	12006	2022-06-28
2022-06-28 00:39:09.177	2022-06-28 18:14:04.459	dc865347-8375-43c9-ba67-1bb999f287e8	911785	65265	7608	2022-06-28
2022-06-28 00:39:09.176	2022-06-28 18:14:04.459	16bf2fec-627c-4a47-9c0e-06ded47b4d60	1022698	36153	2683	2022-06-28
2022-06-28 00:39:09.175	2022-06-28 18:14:04.458	c764609e-f0bf-4933-8ddf-6e8e3ddeefc8	673200	18101	3519	2022-06-28
2022-06-28 00:39:09.178	2022-06-28 18:14:04.46	5a6c02a0-8d65-4efb-a3f1-a0bc25c3a9af	140471	11707	1556	2022-06-28
2022-06-28 00:39:09.177	2022-06-28 18:14:04.46	ade20fd1-6743-4000-8140-9fe054fc464b	1567270	43236	5073	2022-06-28
2022-06-28 00:39:09.179	2022-06-28 18:14:04.461	9eab2380-df01-44cf-83a8-dab86a6be4da	406223	7598	509	2022-06-28
2022-06-28 00:39:09.179	2022-06-28 18:14:04.461	1d5f49b8-a20f-4152-970e-3bfb15afa7e7	767211	27321	3568	2022-06-28
2022-06-28 00:39:09.18	2022-06-28 18:14:04.462	46de8926-9640-4d42-9f40-3088a34b3fd1	441358	6085	4338	2022-06-28
2022-06-28 00:39:09.181	2022-06-28 18:14:04.463	b5a112b7-b42b-4e6c-8450-0c5053e7c7a0	528716	18917	2785	2022-06-28
2022-06-28 00:39:09.18	2022-06-28 18:14:04.462	4762c5df-c703-4b70-b83e-1000114da1f8	186328	7671	538	2022-06-28
2022-06-28 00:39:09.181	2022-06-28 18:14:04.464	cc479880-7eac-417f-aa20-2bdb51beba31	28361402	422523	30824	2022-06-28
2022-06-28 00:39:09.182	2022-06-28 18:14:04.464	02978247-aa5e-4021-9e97-12d1b07a24cc	417833	16699	2607	2022-06-28
2022-06-28 17:05:04.14	2022-06-28 18:14:04.473	9d55d4d4-297d-42a7-aa7d-e04e7871da90	31856	4048	642	2022-06-28
2022-06-29 00:36:29.626	2022-06-29 07:52:12.721	db09701c-5b3d-425d-b1bf-742c02fe923e	4034312	142121	18975	2022-06-29
2022-06-29 00:36:29.629	2022-06-29 07:52:12.723	c2d2ba8e-f6dd-407b-aa1e-24bab8888098	1773644	40689	31161	2022-06-29
2022-06-29 00:36:29.631	2022-06-29 07:52:12.724	10e77c85-976b-43e9-bb95-65d5d8b92020	2018930	62075	4742	2022-06-29
2022-06-29 00:36:29.632	2022-06-29 07:52:12.725	81fd3b51-ca00-411e-adcd-1e3b77cbe91b	6126086	213425	8881	2022-06-29
2022-06-29 00:36:29.633	2022-06-29 07:52:12.726	13eb9117-d884-4b07-ae5b-0987b8208202	14983794	652356	33211	2022-06-29
2022-06-29 00:36:29.631	2022-06-29 07:52:12.725	841da886-5f4b-4184-aaa8-89e638159ec6	23935345	821197	41891	2022-06-29
2022-06-29 00:36:29.638	2022-06-29 07:52:12.73	84683ea8-478f-48b8-8004-cece493fee98	2047695	66381	7031	2022-06-29
2022-06-29 00:36:29.637	2022-06-29 07:52:12.729	88a2afc6-3e15-402c-aadc-094c470c35ed	17392052	76959	15256	2022-06-29
2022-06-29 00:36:29.637	2022-06-29 07:52:12.729	df652a57-7728-4e08-8f6d-a44dc2fa64bf	443881	9545	2144	2022-06-29
2022-06-29 00:36:29.643	2022-06-29 07:52:12.733	17d98a07-34f5-4b1e-979e-1ce356994c1f	4031187	98731	11540	2022-06-29
2022-06-29 00:36:29.643	2022-06-29 07:52:12.732	88deded7-0232-4819-9e39-2013dc7cc285	92620	7216	685	2022-06-29
2022-06-29 00:36:29.639	2022-06-29 07:52:12.731	a96de528-48cb-4be2-8100-845ad8fdcb2b	2543389	115370	0	2022-06-29
2022-06-29 00:36:29.642	2022-06-29 07:52:12.732	a4e59c4a-c362-4721-8036-b612d42a3f17	1666199	12356	1212	2022-06-29
2022-06-29 00:36:29.64	2022-06-29 07:52:12.731	0563e9f0-cc42-43f2-9da0-3e9562d0ea71	2649500	85254	5122	2022-06-29
2022-06-29 00:36:29.645	2022-06-29 07:52:12.733	20d7e49e-782d-4c26-84da-77cacf63fcd6	1366199	35959	1914	2022-06-29
2022-06-29 00:36:29.644	2022-06-29 07:52:12.733	0505a84b-01d7-4716-a7b2-61b70f18c033	4580746	156760	11998	2022-06-29
2022-06-29 00:36:29.65	2022-06-29 07:52:12.734	f33dc980-fc6c-48c4-a82b-e3723441fa8b	3128012	33530	4487	2022-06-29
2022-06-29 00:36:29.65	2022-06-29 07:52:12.734	e87d119d-6bd0-4a07-b2c4-ba2cf2516f9e	1627225	60271	6272	2022-06-29
2022-06-29 00:36:29.651	2022-06-29 07:52:12.735	b9c517d4-d6e9-429e-b86b-89383cdcedaa	6041542	173608	24148	2022-06-29
2022-06-29 00:36:29.648	2022-06-29 07:52:12.734	74dd785f-fa76-4251-9f7a-f63d6b37e37b	3471666	77357	5688	2022-06-29
2022-06-29 00:36:29.653	2022-06-29 07:52:12.736	e703f552-72fb-432a-af06-7844bdf34949	5972053	225203	13653	2022-06-29
2022-06-29 00:36:29.653	2022-06-29 07:52:12.736	7b58eba6-3a0c-4034-9bf2-b7016ed5338f	15943456	388815	23628	2022-06-29
2022-06-29 00:36:29.653	2022-06-29 07:52:12.737	d87f51bd-042d-4278-997f-b9f45f28a0bf	2775777	92563	11509	2022-06-29
2022-06-29 00:36:29.652	2022-06-29 07:52:12.736	ec0eb006-91ad-4fe7-b7b7-a883136337e2	1104276	48147	6295	2022-06-29
2022-06-29 00:36:29.654	2022-06-29 07:52:12.738	ce03228a-e0fb-4bf4-be33-035373d49ed0	5260343	170018	32599	2022-06-29
2022-06-29 00:36:29.654	2022-06-29 07:52:12.738	d57d9e2d-c7ab-4ab1-8d59-66d3d8509a8b	3429547	84726	11209	2022-06-29
2022-06-29 00:36:29.657	2022-06-29 07:52:12.741	16bf2fec-627c-4a47-9c0e-06ded47b4d60	1022883	36156	2683	2022-06-29
2022-06-29 00:36:29.656	2022-06-29 07:52:12.74	d53f819c-955a-4ec6-8a14-8b20b3b7d159	868646	20218	2601	2022-06-29
2022-06-29 00:36:29.655	2022-06-29 07:52:12.739	6a77c550-9a4f-409a-8865-6105e2b59379	2759657	120518	12010	2022-06-29
2022-06-29 00:36:29.655	2022-06-29 07:52:12.739	bfb21ce3-2d6d-4bae-9964-6764a2f13372	10371726	343645	23807	2022-06-29
2022-06-29 00:36:29.658	2022-06-29 07:52:12.741	dc865347-8375-43c9-ba67-1bb999f287e8	911854	65266	7609	2022-06-29
2022-06-29 00:36:29.625	2022-06-29 07:52:12.72	ccedb919-a463-4114-9a94-1e8491aa1db6	15400724	202254	9232	2022-06-29
2022-06-29 00:36:29.628	2022-06-29 07:52:12.722	fe16bc85-f506-44fd-8fa9-99bf919bacd9	3587630	92761	4632	2022-06-29
2022-06-29 00:36:29.635	2022-06-29 07:52:12.728	406d6f96-c05e-4303-a76d-d3a750c68372	4328536	155523	16521	2022-06-29
2022-06-29 00:36:29.634	2022-06-29 07:52:12.728	74d3c228-3554-40a6-b5f8-944444ebc3ba	1413245	30009	2160	2022-06-29
2022-06-29 00:36:29.636	2022-06-29 07:52:12.729	884c5d2c-c5ee-4fa2-a516-4f42fb8c9905	1351870	41488	2475	2022-06-29
2022-06-29 00:36:29.652	2022-06-29 07:52:12.736	f19186ab-e0ab-4e0d-bbd0-5157cd48a497	858753	31452	2699	2022-06-29
2022-06-29 00:36:29.654	2022-06-29 07:52:12.737	3e379e98-6601-4435-ab23-dcd434560c22	1595857	26003	2686	2022-06-29
2022-06-29 00:36:29.654	2022-06-29 07:52:12.737	1c5e8059-55e2-4fba-b4d1-102f910c8bb2	2080753	56576	5159	2022-06-29
2022-06-29 00:36:29.656	2022-06-29 07:52:12.74	c764609e-f0bf-4933-8ddf-6e8e3ddeefc8	674374	18116	3519	2022-06-29
2022-06-29 00:36:29.657	2022-06-29 07:52:12.741	4d02491e-28dc-458e-a012-c76d5a15e496	5357649	167543	21907	2022-06-29
2022-06-29 00:36:29.659	2022-06-29 07:52:12.742	5a6c02a0-8d65-4efb-a3f1-a0bc25c3a9af	140772	11716	1555	2022-06-29
2022-06-29 00:36:29.658	2022-06-29 07:52:12.742	ade20fd1-6743-4000-8140-9fe054fc464b	1567317	43236	5073	2022-06-29
2022-06-29 00:36:29.659	2022-06-29 07:52:12.743	1d5f49b8-a20f-4152-970e-3bfb15afa7e7	770036	27353	3569	2022-06-29
2022-06-29 00:36:29.659	2022-06-29 07:52:12.744	9eab2380-df01-44cf-83a8-dab86a6be4da	406389	7601	509	2022-06-29
2022-06-29 00:36:29.66	2022-06-29 07:52:12.744	46de8926-9640-4d42-9f40-3088a34b3fd1	441595	6089	4339	2022-06-29
2022-06-29 00:36:29.661	2022-06-29 07:52:12.745	b5a112b7-b42b-4e6c-8450-0c5053e7c7a0	530339	18935	2768	2022-06-29
2022-06-29 00:36:29.66	2022-06-29 07:52:12.745	4762c5df-c703-4b70-b83e-1000114da1f8	186557	7681	539	2022-06-29
2022-06-29 00:36:29.661	2022-06-29 07:52:12.745	cc479880-7eac-417f-aa20-2bdb51beba31	28391041	422980	30864	2022-06-29
2022-06-29 00:36:29.663	2022-06-29 07:52:12.747	29ed6ff9-653a-4cca-aa4d-b78fe0fd8985	2103367	150269	21672	2022-06-29
2022-06-29 00:36:29.664	2022-06-29 07:52:12.747	3182b34b-1a01-4290-9176-a038c4a76524	90260	3239	416	2022-06-29
2022-06-29 00:36:29.662	2022-06-29 07:52:12.747	02978247-aa5e-4021-9e97-12d1b07a24cc	419398	16720	2612	2022-06-29
2022-06-29 00:36:29.663	2022-06-29 07:52:12.747	bb7d5bb4-10a2-4328-9558-779bcaddb827	8484431	386747	28234	2022-06-29
2022-06-29 00:36:29.664	2022-06-29 07:52:12.748	b39fa9cc-0c1f-408a-91f0-e3a720a69851	1088870	38105	4309	2022-06-29
2022-06-29 00:36:29.665	2022-06-29 07:52:12.751	9d55d4d4-297d-42a7-aa7d-e04e7871da90	94959	5933	1002	2022-06-29
2022-06-29 00:36:29.664	2022-06-29 07:52:12.749	145c49ae-4d41-47b3-8c8c-39d54ac3c8ec	3326616	972	141	2022-06-29
2022-06-30 00:35:36.011	2022-06-30 00:35:36.012	ccedb919-a463-4114-9a94-1e8491aa1db6	15406196	202318	9232	2022-06-30
2022-06-30 00:35:36.012	2022-06-30 00:35:36.013	db09701c-5b3d-425d-b1bf-742c02fe923e	4035163	142120	18970	2022-06-30
2022-06-30 00:35:36.013	2022-06-30 00:35:36.014	c2d2ba8e-f6dd-407b-aa1e-24bab8888098	1775315	40707	31168	2022-06-30
2022-06-30 00:35:36.012	2022-06-30 00:35:36.013	fe16bc85-f506-44fd-8fa9-99bf919bacd9	3588954	92783	4632	2022-06-30
2022-06-30 00:35:36.015	2022-06-30 00:35:36.016	841da886-5f4b-4184-aaa8-89e638159ec6	23945018	821355	41913	2022-06-30
2022-06-30 00:35:36.016	2022-06-30 00:35:36.017	81fd3b51-ca00-411e-adcd-1e3b77cbe91b	6128868	213470	8882	2022-06-30
2022-06-30 00:35:36.014	2022-06-30 00:35:36.015	10e77c85-976b-43e9-bb95-65d5d8b92020	2019581	62089	4742	2022-06-30
2022-06-30 00:35:36.02	2022-06-30 00:35:36.021	884c5d2c-c5ee-4fa2-a516-4f42fb8c9905	1352162	41491	2477	2022-06-30
2022-06-30 00:35:36.017	2022-06-30 00:35:36.018	13eb9117-d884-4b07-ae5b-0987b8208202	14999817	652707	33223	2022-06-30
2022-06-30 00:35:36.021	2022-06-30 00:35:36.022	88a2afc6-3e15-402c-aadc-094c470c35ed	17394503	76983	15259	2022-06-30
2022-06-30 00:35:36.02	2022-06-30 00:35:36.021	406d6f96-c05e-4303-a76d-d3a750c68372	4329669	155535	16523	2022-06-30
2022-06-30 00:35:36.019	2022-06-30 00:35:36.02	74d3c228-3554-40a6-b5f8-944444ebc3ba	1413441	30011	2160	2022-06-30
2022-06-30 00:35:36.021	2022-06-30 00:35:36.022	df652a57-7728-4e08-8f6d-a44dc2fa64bf	444185	9551	2145	2022-06-30
2022-06-30 00:35:36.022	2022-06-30 00:35:36.023	84683ea8-478f-48b8-8004-cece493fee98	2048946	66423	7033	2022-06-30
2022-06-30 00:35:36.025	2022-06-30 00:35:36.026	a4e59c4a-c362-4721-8036-b612d42a3f17	1666381	12358	1213	2022-06-30
2022-06-30 00:35:36.025	2022-06-30 00:35:36.026	88deded7-0232-4819-9e39-2013dc7cc285	92689	7217	685	2022-06-30
2022-06-30 00:35:36.023	2022-06-30 00:35:36.024	a96de528-48cb-4be2-8100-845ad8fdcb2b	2545149	115410	0	2022-06-30
2022-06-30 00:35:36.023	2022-06-30 00:35:36.025	0563e9f0-cc42-43f2-9da0-3e9562d0ea71	2650866	85275	5122	2022-06-30
2022-06-30 00:35:36.026	2022-06-30 00:35:36.027	17d98a07-34f5-4b1e-979e-1ce356994c1f	4033081	98753	11543	2022-06-30
2022-06-30 00:35:36.029	2022-06-30 00:35:36.03	f33dc980-fc6c-48c4-a82b-e3723441fa8b	3130032	33561	4490	2022-06-30
2022-06-30 00:35:36.026	2022-06-30 00:35:36.027	0505a84b-01d7-4716-a7b2-61b70f18c033	4586033	156879	12002	2022-06-30
2022-06-30 00:35:36.027	2022-06-30 00:35:36.028	20d7e49e-782d-4c26-84da-77cacf63fcd6	1366452	35962	1914	2022-06-30
2022-06-30 00:35:36.028	2022-06-30 00:35:36.03	e87d119d-6bd0-4a07-b2c4-ba2cf2516f9e	1627820	60287	6273	2022-06-30
2022-06-30 00:35:36.029	2022-06-30 00:35:36.03	b9c517d4-d6e9-429e-b86b-89383cdcedaa	6041931	173610	24143	2022-06-30
2022-06-30 00:35:36.027	2022-06-30 00:35:36.029	74dd785f-fa76-4251-9f7a-f63d6b37e37b	3471953	77360	5688	2022-06-30
2022-06-30 00:35:36.031	2022-06-30 00:35:36.032	e703f552-72fb-432a-af06-7844bdf34949	5978251	225334	13665	2022-06-30
2022-06-30 00:35:36.03	2022-06-30 00:35:36.031	ec0eb006-91ad-4fe7-b7b7-a883136337e2	1104523	48153	6295	2022-06-30
2022-06-30 00:35:36.032	2022-06-30 00:35:36.032	7b58eba6-3a0c-4034-9bf2-b7016ed5338f	15954831	388960	23637	2022-06-30
2022-06-30 00:35:36.032	2022-06-30 00:35:36.033	d87f51bd-042d-4278-997f-b9f45f28a0bf	2776246	92566	11509	2022-06-30
2022-06-30 00:35:36.033	2022-06-30 00:35:36.033	1c5e8059-55e2-4fba-b4d1-102f910c8bb2	2082480	56585	5159	2022-06-30
2022-06-30 00:35:36.03	2022-06-30 00:35:36.032	f19186ab-e0ab-4e0d-bbd0-5157cd48a497	859552	31454	2699	2022-06-30
2022-06-30 00:35:36.033	2022-06-30 00:35:36.034	ce03228a-e0fb-4bf4-be33-035373d49ed0	5263392	170056	32601	2022-06-30
2022-06-30 00:35:36.034	2022-06-30 00:35:36.034	d57d9e2d-c7ab-4ab1-8d59-66d3d8509a8b	3437982	84812	11209	2022-06-30
2022-06-30 00:35:36.032	2022-06-30 00:35:36.034	3e379e98-6601-4435-ab23-dcd434560c22	1595973	26005	2687	2022-06-30
2022-06-30 00:35:36.034	2022-06-30 00:35:36.035	bfb21ce3-2d6d-4bae-9964-6764a2f13372	10372148	343648	23807	2022-06-30
2022-06-30 00:35:36.035	2022-06-30 00:35:36.036	6a77c550-9a4f-409a-8865-6105e2b59379	2762156	120562	12011	2022-06-30
2022-06-30 00:35:36.036	2022-06-30 00:35:36.037	d53f819c-955a-4ec6-8a14-8b20b3b7d159	868675	20221	2602	2022-06-30
2022-06-30 00:35:36.037	2022-06-30 00:35:36.038	4d02491e-28dc-458e-a012-c76d5a15e496	5359914	167586	21911	2022-06-30
2022-06-30 00:35:36.038	2022-06-30 00:35:36.039	dc865347-8375-43c9-ba67-1bb999f287e8	911949	65265	7608	2022-06-30
2022-06-30 00:35:36.037	2022-06-30 00:35:36.038	16bf2fec-627c-4a47-9c0e-06ded47b4d60	1023054	36159	2683	2022-06-30
2022-06-30 00:35:36.036	2022-06-30 00:35:36.037	c764609e-f0bf-4933-8ddf-6e8e3ddeefc8	675411	18127	3522	2022-06-30
2022-06-30 00:35:36.039	2022-06-30 00:35:36.041	5a6c02a0-8d65-4efb-a3f1-a0bc25c3a9af	141067	11721	1556	2022-06-30
2022-06-30 00:35:36.038	2022-06-30 00:35:36.04	ade20fd1-6743-4000-8140-9fe054fc464b	1567372	43236	5073	2022-06-30
2022-06-30 00:35:36.04	2022-06-30 00:35:36.041	1d5f49b8-a20f-4152-970e-3bfb15afa7e7	772628	27393	3568	2022-06-30
2022-06-30 00:35:36.041	2022-06-30 00:35:36.042	9eab2380-df01-44cf-83a8-dab86a6be4da	406595	7601	509	2022-06-30
2022-06-30 00:35:36.041	2022-06-30 00:35:36.043	46de8926-9640-4d42-9f40-3088a34b3fd1	441897	6093	4340	2022-06-30
2022-06-30 00:35:36.042	2022-06-30 00:35:36.043	4762c5df-c703-4b70-b83e-1000114da1f8	186772	7687	539	2022-06-30
2022-06-30 00:35:36.043	2022-06-30 00:35:36.044	b5a112b7-b42b-4e6c-8450-0c5053e7c7a0	531913	18957	2772	2022-06-30
2022-06-30 00:35:36.043	2022-06-30 00:35:36.044	cc479880-7eac-417f-aa20-2bdb51beba31	28423160	423570	30917	2022-06-30
2022-06-30 00:35:36.045	2022-06-30 00:35:36.046	bb7d5bb4-10a2-4328-9558-779bcaddb827	8505821	387444	28267	2022-06-30
2022-06-30 00:35:36.046	2022-06-30 00:35:36.047	3182b34b-1a01-4290-9176-a038c4a76524	130586	4165	566	2022-06-30
2022-06-30 00:35:36.044	2022-06-30 00:35:36.045	02978247-aa5e-4021-9e97-12d1b07a24cc	421252	16754	2620	2022-06-30
2022-06-30 00:35:36.047	2022-06-30 00:35:36.048	b39fa9cc-0c1f-408a-91f0-e3a720a69851	1091223	38129	4309	2022-06-30
2022-06-30 00:35:36.044	2022-06-30 00:35:36.046	29ed6ff9-653a-4cca-aa4d-b78fe0fd8985	2103732	150274	21669	2022-06-30
2022-06-30 00:35:36.048	2022-06-30 00:35:36.053	9d55d4d4-297d-42a7-aa7d-e04e7871da90	116697	6776	1159	2022-06-30
2022-06-30 00:35:36.047	2022-06-30 00:35:36.048	145c49ae-4d41-47b3-8c8c-39d54ac3c8ec	3326781	974	141	2022-06-30
2022-07-01 00:40:57.436	2022-07-01 00:40:57.437	ccedb919-a463-4114-9a94-1e8491aa1db6	15414137	202414	9240	2022-07-01
2022-07-01 00:40:57.437	2022-07-01 00:40:57.438	db09701c-5b3d-425d-b1bf-742c02fe923e	4036361	142128	18974	2022-07-01
2022-07-01 00:40:57.441	2022-07-01 00:40:57.442	fe16bc85-f506-44fd-8fa9-99bf919bacd9	3590590	92815	4632	2022-07-01
2022-07-01 00:40:57.444	2022-07-01 00:40:57.445	c2d2ba8e-f6dd-407b-aa1e-24bab8888098	1777449	40747	31168	2022-07-01
2022-07-01 00:40:57.449	2022-07-01 00:40:57.45	10e77c85-976b-43e9-bb95-65d5d8b92020	2020528	62100	4742	2022-07-01
2022-07-01 00:40:57.452	2022-07-01 00:40:57.453	13eb9117-d884-4b07-ae5b-0987b8208202	15021748	653224	33251	2022-07-01
2022-07-01 00:40:57.451	2022-07-01 00:40:57.452	81fd3b51-ca00-411e-adcd-1e3b77cbe91b	6131837	213524	8887	2022-07-01
2022-07-01 00:40:57.45	2022-07-01 00:40:57.451	841da886-5f4b-4184-aaa8-89e638159ec6	23957834	821588	41931	2022-07-01
2022-07-01 00:40:57.455	2022-07-01 00:40:57.457	406d6f96-c05e-4303-a76d-d3a750c68372	4331293	155566	16526	2022-07-01
2022-07-01 00:40:57.46	2022-07-01 00:40:57.461	84683ea8-478f-48b8-8004-cece493fee98	2050238	66461	7033	2022-07-01
2022-07-01 00:40:57.466	2022-07-01 00:40:57.467	17d98a07-34f5-4b1e-979e-1ce356994c1f	4035541	98776	11545	2022-07-01
2022-07-01 00:40:57.469	2022-07-01 00:40:57.47	74dd785f-fa76-4251-9f7a-f63d6b37e37b	3472284	77364	5688	2022-07-01
2022-07-01 00:40:57.477	2022-07-01 00:40:57.478	d87f51bd-042d-4278-997f-b9f45f28a0bf	2776738	92570	11509	2022-07-01
2022-07-01 00:40:57.48	2022-07-01 00:40:57.483	d57d9e2d-c7ab-4ab1-8d59-66d3d8509a8b	3448359	84864	11214	2022-07-01
2022-07-01 00:40:57.481	2022-07-01 00:40:57.483	bfb21ce3-2d6d-4bae-9964-6764a2f13372	10372794	343658	23807	2022-07-01
2022-07-01 00:40:57.49	2022-07-01 00:40:57.491	dc865347-8375-43c9-ba67-1bb999f287e8	912047	65266	7607	2022-07-01
2022-07-01 00:40:57.492	2022-07-01 00:40:57.493	9eab2380-df01-44cf-83a8-dab86a6be4da	406794	7604	509	2022-07-01
2022-07-01 00:40:57.496	2022-07-01 00:40:57.497	29ed6ff9-653a-4cca-aa4d-b78fe0fd8985	2104174	150271	21671	2022-07-01
2022-07-01 00:40:57.454	2022-07-01 00:40:57.455	74d3c228-3554-40a6-b5f8-944444ebc3ba	1413680	30015	2160	2022-07-01
2022-07-01 00:40:57.461	2022-07-01 00:40:57.462	a96de528-48cb-4be2-8100-845ad8fdcb2b	2547286	115461	0	2022-07-01
2022-07-01 00:40:57.47	2022-07-01 00:40:57.471	e87d119d-6bd0-4a07-b2c4-ba2cf2516f9e	1628631	60310	6275	2022-07-01
2022-07-01 00:40:57.475	2022-07-01 00:40:57.476	e703f552-72fb-432a-af06-7844bdf34949	5986825	225518	13661	2022-07-01
2022-07-01 00:40:57.478	2022-07-01 00:40:57.479	3e379e98-6601-4435-ab23-dcd434560c22	1596162	26009	2687	2022-07-01
2022-07-01 00:40:57.484	2022-07-01 00:40:57.486	c764609e-f0bf-4933-8ddf-6e8e3ddeefc8	676872	18149	3525	2022-07-01
2022-07-01 00:40:57.492	2022-07-01 00:40:57.494	46de8926-9640-4d42-9f40-3088a34b3fd1	442313	6096	4342	2022-07-01
2022-07-01 00:40:57.497	2022-07-01 00:40:57.498	02978247-aa5e-4021-9e97-12d1b07a24cc	423899	16806	2639	2022-07-01
2022-07-01 00:40:57.457	2022-07-01 00:40:57.458	884c5d2c-c5ee-4fa2-a516-4f42fb8c9905	1352585	41507	2477	2022-07-01
2022-07-01 00:40:57.464	2022-07-01 00:40:57.466	a4e59c4a-c362-4721-8036-b612d42a3f17	1666573	12363	1213	2022-07-01
2022-07-01 00:40:57.467	2022-07-01 00:40:57.468	0505a84b-01d7-4716-a7b2-61b70f18c033	4593701	157067	12016	2022-07-01
2022-07-01 00:40:57.473	2022-07-01 00:40:57.474	f19186ab-e0ab-4e0d-bbd0-5157cd48a497	860590	31458	2699	2022-07-01
2022-07-01 00:40:57.487	2022-07-01 00:40:57.488	16bf2fec-627c-4a47-9c0e-06ded47b4d60	1023315	36165	2683	2022-07-01
2022-07-01 00:40:57.489	2022-07-01 00:40:57.49	ade20fd1-6743-4000-8140-9fe054fc464b	1567437	43234	5073	2022-07-01
2022-07-01 00:40:57.494	2022-07-01 00:40:57.495	cc479880-7eac-417f-aa20-2bdb51beba31	28465962	424230	30971	2022-07-01
2022-07-01 00:40:57.499	2022-07-01 00:40:57.5	145c49ae-4d41-47b3-8c8c-39d54ac3c8ec	3326947	976	141	2022-07-01
2022-07-01 00:40:57.458	2022-07-01 00:40:57.459	88a2afc6-3e15-402c-aadc-094c470c35ed	17397653	77010	15263	2022-07-01
2022-07-01 00:40:57.463	2022-07-01 00:40:57.464	0563e9f0-cc42-43f2-9da0-3e9562d0ea71	2652739	85309	5125	2022-07-01
2022-07-01 00:40:57.471	2022-07-01 00:40:57.472	f33dc980-fc6c-48c4-a82b-e3723441fa8b	3132087	33585	4492	2022-07-01
2022-07-01 00:40:57.474	2022-07-01 00:40:57.476	ec0eb006-91ad-4fe7-b7b7-a883136337e2	1104847	48161	6295	2022-07-01
2022-07-01 00:40:57.48	2022-07-01 00:40:57.48	ce03228a-e0fb-4bf4-be33-035373d49ed0	5267428	170118	32596	2022-07-01
2022-07-01 00:40:57.486	2022-07-01 00:40:57.487	d53f819c-955a-4ec6-8a14-8b20b3b7d159	868791	20226	2601	2022-07-01
2022-07-01 00:40:57.491	2022-07-01 00:40:57.492	5a6c02a0-8d65-4efb-a3f1-a0bc25c3a9af	141563	11737	1561	2022-07-01
2022-07-01 00:40:57.494	2022-07-01 00:40:57.495	4762c5df-c703-4b70-b83e-1000114da1f8	187049	7695	539	2022-07-01
2022-07-01 00:40:57.497	2022-07-01 00:40:57.498	bb7d5bb4-10a2-4328-9558-779bcaddb827	8531915	388176	28329	2022-07-01
2022-07-01 00:40:57.499	2022-07-01 00:40:57.5	b39fa9cc-0c1f-408a-91f0-e3a720a69851	1095832	38193	4325	2022-07-01
2022-07-01 00:40:57.459	2022-07-01 00:40:57.46	df652a57-7728-4e08-8f6d-a44dc2fa64bf	444656	9566	2144	2022-07-01
2022-07-01 00:40:57.465	2022-07-01 00:40:57.466	88deded7-0232-4819-9e39-2013dc7cc285	92753	7217	685	2022-07-01
2022-07-01 00:40:57.468	2022-07-01 00:40:57.469	20d7e49e-782d-4c26-84da-77cacf63fcd6	1366812	35964	1914	2022-07-01
2022-07-01 00:40:57.472	2022-07-01 00:40:57.473	b9c517d4-d6e9-429e-b86b-89383cdcedaa	6042423	173613	24143	2022-07-01
2022-07-01 00:40:57.476	2022-07-01 00:40:57.477	7b58eba6-3a0c-4034-9bf2-b7016ed5338f	15971705	389122	23645	2022-07-01
2022-07-01 00:40:57.479	2022-07-01 00:40:57.48	1c5e8059-55e2-4fba-b4d1-102f910c8bb2	2085179	56589	5160	2022-07-01
2022-07-01 00:40:57.483	2022-07-01 00:40:57.484	6a77c550-9a4f-409a-8865-6105e2b59379	2765074	120634	12011	2022-07-01
2022-07-01 00:40:57.488	2022-07-01 00:40:57.488	4d02491e-28dc-458e-a012-c76d5a15e496	5362794	167637	21917	2022-07-01
2022-07-01 00:40:57.491	2022-07-01 00:40:57.492	1d5f49b8-a20f-4152-970e-3bfb15afa7e7	776137	27439	3576	2022-07-01
2022-07-01 00:40:57.495	2022-07-01 00:40:57.496	b5a112b7-b42b-4e6c-8450-0c5053e7c7a0	534032	18990	2770	2022-07-01
2022-07-01 00:40:57.498	2022-07-01 00:40:57.499	3182b34b-1a01-4290-9176-a038c4a76524	161205	5021	656	2022-07-01
2022-07-01 00:40:57.502	2022-07-01 00:40:57.503	9d55d4d4-297d-42a7-aa7d-e04e7871da90	131419	7250	1235	2022-07-01
2022-07-02 00:39:42.389	2022-07-02 00:39:42.39	fe16bc85-f506-44fd-8fa9-99bf919bacd9	3592485	92840	4631	2022-07-02
2022-07-02 00:39:42.39	2022-07-02 00:39:42.391	db09701c-5b3d-425d-b1bf-742c02fe923e	4037458	142140	18973	2022-07-02
2022-07-02 00:39:42.39	2022-07-02 00:39:42.391	ccedb919-a463-4114-9a94-1e8491aa1db6	15425500	202566	9250	2022-07-02
2022-07-02 00:39:42.392	2022-07-02 00:39:42.393	c2d2ba8e-f6dd-407b-aa1e-24bab8888098	1779682	40791	31175	2022-07-02
2022-07-02 00:39:42.395	2022-07-02 00:39:42.396	841da886-5f4b-4184-aaa8-89e638159ec6	23971413	821852	41939	2022-07-02
2022-07-02 00:39:42.396	2022-07-02 00:39:42.397	81fd3b51-ca00-411e-adcd-1e3b77cbe91b	6134353	213562	8893	2022-07-02
2022-07-02 00:39:42.393	2022-07-02 00:39:42.395	10e77c85-976b-43e9-bb95-65d5d8b92020	2021455	62115	4742	2022-07-02
2022-07-02 00:39:42.4	2022-07-02 00:39:42.401	884c5d2c-c5ee-4fa2-a516-4f42fb8c9905	1353015	41518	2477	2022-07-02
2022-07-02 00:39:42.401	2022-07-02 00:39:42.402	88a2afc6-3e15-402c-aadc-094c470c35ed	17400015	77037	15263	2022-07-02
2022-07-02 00:39:42.397	2022-07-02 00:39:42.398	13eb9117-d884-4b07-ae5b-0987b8208202	15042044	653697	33268	2022-07-02
2022-07-02 00:39:42.399	2022-07-02 00:39:42.401	406d6f96-c05e-4303-a76d-d3a750c68372	4332774	155589	16529	2022-07-02
2022-07-02 00:39:42.398	2022-07-02 00:39:42.4	74d3c228-3554-40a6-b5f8-944444ebc3ba	1414032	30024	2160	2022-07-02
2022-07-02 00:39:42.402	2022-07-02 00:39:42.403	84683ea8-478f-48b8-8004-cece493fee98	2051521	66489	7034	2022-07-02
2022-07-02 00:39:42.401	2022-07-02 00:39:42.402	df652a57-7728-4e08-8f6d-a44dc2fa64bf	444939	9572	2143	2022-07-02
2022-07-02 00:39:42.404	2022-07-02 00:39:42.406	88deded7-0232-4819-9e39-2013dc7cc285	92815	7218	685	2022-07-02
2022-07-02 00:39:42.403	2022-07-02 00:39:42.404	a96de528-48cb-4be2-8100-845ad8fdcb2b	2549172	115492	0	2022-07-02
2022-07-02 00:39:42.405	2022-07-02 00:39:42.406	17d98a07-34f5-4b1e-979e-1ce356994c1f	4037903	98805	11544	2022-07-02
2022-07-02 00:39:42.403	2022-07-02 00:39:42.404	0563e9f0-cc42-43f2-9da0-3e9562d0ea71	2654352	85341	5124	2022-07-02
2022-07-02 00:39:42.404	2022-07-02 00:39:42.406	a4e59c4a-c362-4721-8036-b612d42a3f17	1666779	12369	1213	2022-07-02
2022-07-02 00:39:42.407	2022-07-02 00:39:42.408	e87d119d-6bd0-4a07-b2c4-ba2cf2516f9e	1629589	60334	6275	2022-07-02
2022-07-02 00:39:42.406	2022-07-02 00:39:42.407	0505a84b-01d7-4716-a7b2-61b70f18c033	4601785	157229	12022	2022-07-02
2022-07-02 00:39:42.406	2022-07-02 00:39:42.407	20d7e49e-782d-4c26-84da-77cacf63fcd6	1367185	35966	1914	2022-07-02
2022-07-02 00:39:42.408	2022-07-02 00:39:42.409	f33dc980-fc6c-48c4-a82b-e3723441fa8b	3133334	33594	4495	2022-07-02
2022-07-02 00:39:42.408	2022-07-02 00:39:42.409	b9c517d4-d6e9-429e-b86b-89383cdcedaa	6042799	173612	24143	2022-07-02
2022-07-02 00:39:42.407	2022-07-02 00:39:42.408	74dd785f-fa76-4251-9f7a-f63d6b37e37b	3472582	77369	5687	2022-07-02
2022-07-02 00:39:42.41	2022-07-02 00:39:42.411	e703f552-72fb-432a-af06-7844bdf34949	5995052	225709	13671	2022-07-02
2022-07-02 00:39:42.409	2022-07-02 00:39:42.411	ec0eb006-91ad-4fe7-b7b7-a883136337e2	1105129	48165	6292	2022-07-02
2022-07-02 00:39:42.41	2022-07-02 00:39:42.411	7b58eba6-3a0c-4034-9bf2-b7016ed5338f	15987346	389304	23648	2022-07-02
2022-07-02 00:39:42.411	2022-07-02 00:39:42.412	d87f51bd-042d-4278-997f-b9f45f28a0bf	2777187	92572	11509	2022-07-02
2022-07-02 00:39:42.411	2022-07-02 00:39:42.413	3e379e98-6601-4435-ab23-dcd434560c22	1596326	26010	2687	2022-07-02
2022-07-02 00:39:42.409	2022-07-02 00:39:42.411	f19186ab-e0ab-4e0d-bbd0-5157cd48a497	861868	31460	2699	2022-07-02
2022-07-02 00:39:42.412	2022-07-02 00:39:42.413	ce03228a-e0fb-4bf4-be33-035373d49ed0	5270848	170154	32595	2022-07-02
2022-07-02 00:39:42.412	2022-07-02 00:39:42.413	1c5e8059-55e2-4fba-b4d1-102f910c8bb2	2087615	56600	5161	2022-07-02
2022-07-02 00:39:42.413	2022-07-02 00:39:42.414	d57d9e2d-c7ab-4ab1-8d59-66d3d8509a8b	3456350	84923	11212	2022-07-02
2022-07-02 00:39:42.416	2022-07-02 00:39:42.417	16bf2fec-627c-4a47-9c0e-06ded47b4d60	1023560	36169	2684	2022-07-02
2022-07-02 00:39:42.417	2022-07-02 00:39:42.418	dc865347-8375-43c9-ba67-1bb999f287e8	912165	65266	7607	2022-07-02
2022-07-02 00:39:42.419	2022-07-02 00:39:42.421	9eab2380-df01-44cf-83a8-dab86a6be4da	407036	7608	510	2022-07-02
2022-07-02 00:39:42.423	2022-07-02 00:39:42.425	29ed6ff9-653a-4cca-aa4d-b78fe0fd8985	2104615	150275	21671	2022-07-02
2022-07-02 00:39:42.413	2022-07-02 00:39:42.414	bfb21ce3-2d6d-4bae-9964-6764a2f13372	10373416	343670	23809	2022-07-02
2022-07-02 00:39:42.418	2022-07-02 00:39:42.419	5a6c02a0-8d65-4efb-a3f1-a0bc25c3a9af	142060	11749	1563	2022-07-02
2022-07-02 00:39:42.421	2022-07-02 00:39:42.422	4762c5df-c703-4b70-b83e-1000114da1f8	187303	7699	539	2022-07-02
2022-07-02 00:39:42.425	2022-07-02 00:39:42.426	bb7d5bb4-10a2-4328-9558-779bcaddb827	8553989	388736	28350	2022-07-02
2022-07-02 00:39:42.427	2022-07-02 00:39:42.431	9d55d4d4-297d-42a7-aa7d-e04e7871da90	139648	7506	1277	2022-07-02
2022-07-02 00:39:42.415	2022-07-02 00:39:42.416	d53f819c-955a-4ec6-8a14-8b20b3b7d159	868882	20226	2601	2022-07-02
2022-07-02 00:39:42.416	2022-07-02 00:39:42.417	4d02491e-28dc-458e-a012-c76d5a15e496	5365421	167688	21926	2022-07-02
2022-07-02 00:39:42.42	2022-07-02 00:39:42.421	46de8926-9640-4d42-9f40-3088a34b3fd1	442693	6096	4343	2022-07-02
2022-07-02 00:39:42.423	2022-07-02 00:39:42.425	02978247-aa5e-4021-9e97-12d1b07a24cc	425842	16835	2610	2022-07-02
2022-07-02 00:39:42.426	2022-07-02 00:39:42.427	145c49ae-4d41-47b3-8c8c-39d54ac3c8ec	3327054	977	141	2022-07-02
2022-07-02 00:39:42.414	2022-07-02 00:39:42.415	6a77c550-9a4f-409a-8865-6105e2b59379	2768286	120709	12013	2022-07-02
2022-07-02 00:39:42.417	2022-07-02 00:39:42.418	ade20fd1-6743-4000-8140-9fe054fc464b	1567507	43232	5073	2022-07-02
2022-07-02 00:39:42.422	2022-07-02 00:39:42.423	cc479880-7eac-417f-aa20-2bdb51beba31	28503673	424805	31014	2022-07-02
2022-07-02 00:39:42.426	2022-07-02 00:39:42.427	b39fa9cc-0c1f-408a-91f0-e3a720a69851	1099561	38252	4338	2022-07-02
2022-07-02 00:39:42.415	2022-07-02 00:39:42.416	c764609e-f0bf-4933-8ddf-6e8e3ddeefc8	678240	18170	3532	2022-07-02
2022-07-02 00:39:42.419	2022-07-02 00:39:42.42	1d5f49b8-a20f-4152-970e-3bfb15afa7e7	779314	27486	3578	2022-07-02
2022-07-02 00:39:42.422	2022-07-02 00:39:42.423	b5a112b7-b42b-4e6c-8450-0c5053e7c7a0	536158	19026	2777	2022-07-02
2022-07-02 00:39:42.425	2022-07-02 00:39:42.426	3182b34b-1a01-4290-9176-a038c4a76524	194741	6020	754	2022-07-02
2022-07-03 00:39:06.921	2022-07-03 00:39:06.922	ccedb919-a463-4114-9a94-1e8491aa1db6	15434098	202666	9255	2022-07-03
2022-07-03 00:39:06.922	2022-07-03 00:39:06.923	db09701c-5b3d-425d-b1bf-742c02fe923e	4038687	142155	18973	2022-07-03
2022-07-03 00:39:06.931	2022-07-03 00:39:06.932	10e77c85-976b-43e9-bb95-65d5d8b92020	2022476	62134	4742	2022-07-03
2022-07-03 00:39:06.929	2022-07-03 00:39:06.93	fe16bc85-f506-44fd-8fa9-99bf919bacd9	3594625	92867	4631	2022-07-03
2022-07-03 00:39:06.932	2022-07-03 00:39:06.933	841da886-5f4b-4184-aaa8-89e638159ec6	23986274	822134	41947	2022-07-03
2022-07-03 00:39:06.93	2022-07-03 00:39:06.932	c2d2ba8e-f6dd-407b-aa1e-24bab8888098	1782290	40828	31176	2022-07-03
2022-07-03 00:39:06.933	2022-07-03 00:39:06.934	13eb9117-d884-4b07-ae5b-0987b8208202	15065479	654302	33293	2022-07-03
2022-07-03 00:39:06.932	2022-07-03 00:39:06.933	81fd3b51-ca00-411e-adcd-1e3b77cbe91b	6136910	213613	8891	2022-07-03
2022-07-03 00:39:06.934	2022-07-03 00:39:06.936	406d6f96-c05e-4303-a76d-d3a750c68372	4334157	155609	16529	2022-07-03
2022-07-03 00:39:06.935	2022-07-03 00:39:06.936	884c5d2c-c5ee-4fa2-a516-4f42fb8c9905	1353397	41525	2476	2022-07-03
2022-07-03 00:39:06.934	2022-07-03 00:39:06.935	74d3c228-3554-40a6-b5f8-944444ebc3ba	1414276	30032	2160	2022-07-03
2022-07-03 00:39:06.937	2022-07-03 00:39:06.938	84683ea8-478f-48b8-8004-cece493fee98	2053026	66532	7037	2022-07-03
2022-07-03 00:39:06.936	2022-07-03 00:39:06.937	88a2afc6-3e15-402c-aadc-094c470c35ed	17402346	77062	15263	2022-07-03
2022-07-03 00:39:06.937	2022-07-03 00:39:06.938	df652a57-7728-4e08-8f6d-a44dc2fa64bf	445144	9577	2144	2022-07-03
2022-07-03 00:39:06.941	2022-07-03 00:39:06.942	88deded7-0232-4819-9e39-2013dc7cc285	92886	7221	685	2022-07-03
2022-07-03 00:39:06.94	2022-07-03 00:39:06.941	a4e59c4a-c362-4721-8036-b612d42a3f17	1666957	12370	1213	2022-07-03
2022-07-03 00:39:06.938	2022-07-03 00:39:06.94	a96de528-48cb-4be2-8100-845ad8fdcb2b	2550874	115511	0	2022-07-03
2022-07-03 00:39:06.939	2022-07-03 00:39:06.94	0563e9f0-cc42-43f2-9da0-3e9562d0ea71	2656194	85363	5129	2022-07-03
2022-07-03 00:39:06.941	2022-07-03 00:39:06.942	17d98a07-34f5-4b1e-979e-1ce356994c1f	4040305	98837	11546	2022-07-03
2022-07-03 00:39:06.942	2022-07-03 00:39:06.943	20d7e49e-782d-4c26-84da-77cacf63fcd6	1367506	35969	1914	2022-07-03
2022-07-03 00:39:06.943	2022-07-03 00:39:06.944	e87d119d-6bd0-4a07-b2c4-ba2cf2516f9e	1630422	60349	6275	2022-07-03
2022-07-03 00:39:06.944	2022-07-03 00:39:06.945	f33dc980-fc6c-48c4-a82b-e3723441fa8b	3133989	33604	4496	2022-07-03
2022-07-03 00:39:06.942	2022-07-03 00:39:06.943	0505a84b-01d7-4716-a7b2-61b70f18c033	4611006	157408	12027	2022-07-03
2022-07-03 00:39:06.944	2022-07-03 00:39:06.945	b9c517d4-d6e9-429e-b86b-89383cdcedaa	6043204	173617	24140	2022-07-03
2022-07-03 00:39:06.946	2022-07-03 00:39:06.947	e703f552-72fb-432a-af06-7844bdf34949	6003619	225888	13676	2022-07-03
2022-07-03 00:39:06.943	2022-07-03 00:39:06.944	74dd785f-fa76-4251-9f7a-f63d6b37e37b	3472893	77376	5686	2022-07-03
2022-07-03 00:39:06.945	2022-07-03 00:39:06.946	ec0eb006-91ad-4fe7-b7b7-a883136337e2	1105448	48166	6292	2022-07-03
2022-07-03 00:39:06.946	2022-07-03 00:39:06.947	7b58eba6-3a0c-4034-9bf2-b7016ed5338f	16002182	389469	23656	2022-07-03
2022-07-03 00:39:06.947	2022-07-03 00:39:06.948	d87f51bd-042d-4278-997f-b9f45f28a0bf	2777658	92574	11509	2022-07-03
2022-07-03 00:39:06.947	2022-07-03 00:39:06.948	1c5e8059-55e2-4fba-b4d1-102f910c8bb2	2089810	56609	5162	2022-07-03
2022-07-03 00:39:06.945	2022-07-03 00:39:06.946	f19186ab-e0ab-4e0d-bbd0-5157cd48a497	862651	31466	2699	2022-07-03
2022-07-03 00:39:06.948	2022-07-03 00:39:06.949	d57d9e2d-c7ab-4ab1-8d59-66d3d8509a8b	3464487	84973	11211	2022-07-03
2022-07-03 00:39:06.948	2022-07-03 00:39:06.949	ce03228a-e0fb-4bf4-be33-035373d49ed0	5273854	170194	32594	2022-07-03
2022-07-03 00:39:06.947	2022-07-03 00:39:06.948	3e379e98-6601-4435-ab23-dcd434560c22	1596491	26011	2689	2022-07-03
2022-07-03 00:39:06.949	2022-07-03 00:39:06.95	bfb21ce3-2d6d-4bae-9964-6764a2f13372	10374091	343684	23808	2022-07-03
2022-07-03 00:39:06.951	2022-07-03 00:39:06.952	d53f819c-955a-4ec6-8a14-8b20b3b7d159	868977	20230	2601	2022-07-03
2022-07-03 00:39:06.95	2022-07-03 00:39:06.951	6a77c550-9a4f-409a-8865-6105e2b59379	2771288	120783	12012	2022-07-03
2022-07-03 00:39:06.952	2022-07-03 00:39:06.953	4d02491e-28dc-458e-a012-c76d5a15e496	5367814	167738	21931	2022-07-03
2022-07-03 00:39:06.953	2022-07-03 00:39:06.954	dc865347-8375-43c9-ba67-1bb999f287e8	912267	65267	7606	2022-07-03
2022-07-03 00:39:06.952	2022-07-03 00:39:06.953	16bf2fec-627c-4a47-9c0e-06ded47b4d60	1023780	36173	2683	2022-07-03
2022-07-03 00:39:06.951	2022-07-03 00:39:06.952	c764609e-f0bf-4933-8ddf-6e8e3ddeefc8	679551	18184	3537	2022-07-03
2022-07-03 00:39:06.954	2022-07-03 00:39:06.955	5a6c02a0-8d65-4efb-a3f1-a0bc25c3a9af	142561	11762	1564	2022-07-03
2022-07-03 00:39:06.953	2022-07-03 00:39:06.954	ade20fd1-6743-4000-8140-9fe054fc464b	1567582	43233	5073	2022-07-03
2022-07-03 00:39:06.955	2022-07-03 00:39:06.956	1d5f49b8-a20f-4152-970e-3bfb15afa7e7	782369	27525	3561	2022-07-03
2022-07-03 00:39:06.956	2022-07-03 00:39:06.957	46de8926-9640-4d42-9f40-3088a34b3fd1	443137	6104	4343	2022-07-03
2022-07-03 00:39:06.955	2022-07-03 00:39:06.957	9eab2380-df01-44cf-83a8-dab86a6be4da	407226	7611	510	2022-07-03
2022-07-03 00:39:06.958	2022-07-03 00:39:06.959	b5a112b7-b42b-4e6c-8450-0c5053e7c7a0	538124	19051	2775	2022-07-03
2022-07-03 00:39:06.957	2022-07-03 00:39:06.958	4762c5df-c703-4b70-b83e-1000114da1f8	187496	7704	539	2022-07-03
2022-07-03 00:39:06.958	2022-07-03 00:39:06.959	cc479880-7eac-417f-aa20-2bdb51beba31	28540480	425342	31072	2022-07-03
2022-07-03 00:39:06.959	2022-07-03 00:39:06.961	29ed6ff9-653a-4cca-aa4d-b78fe0fd8985	2104990	150277	21673	2022-07-03
2022-07-03 00:39:06.961	2022-07-03 00:39:06.962	3182b34b-1a01-4290-9176-a038c4a76524	238288	7143	874	2022-07-03
2022-07-03 00:39:06.961	2022-07-03 00:39:06.962	bb7d5bb4-10a2-4328-9558-779bcaddb827	8575001	389239	28368	2022-07-03
2022-07-03 00:39:06.962	2022-07-03 00:39:06.963	b39fa9cc-0c1f-408a-91f0-e3a720a69851	1101590	38289	4349	2022-07-03
2022-07-03 00:39:06.959	2022-07-03 00:39:06.961	02978247-aa5e-4021-9e97-12d1b07a24cc	427774	16876	2616	2022-07-03
2022-07-03 00:39:06.963	2022-07-03 00:39:06.964	9d55d4d4-297d-42a7-aa7d-e04e7871da90	145181	7648	1311	2022-07-03
2022-07-03 00:39:06.962	2022-07-03 00:39:06.963	145c49ae-4d41-47b3-8c8c-39d54ac3c8ec	3327134	978	141	2022-07-03
2022-07-04 00:43:25.029	2022-07-04 00:43:25.031	fe16bc85-f506-44fd-8fa9-99bf919bacd9	3597030	92903	4631	2022-07-04
2022-07-04 00:43:25.029	2022-07-04 00:43:25.031	ccedb919-a463-4114-9a94-1e8491aa1db6	15443627	202748	9260	2022-07-04
2022-07-04 00:43:25.031	2022-07-04 00:43:25.032	db09701c-5b3d-425d-b1bf-742c02fe923e	4040129	142163	18973	2022-07-04
2022-07-04 00:43:25.035	2022-07-04 00:43:25.037	841da886-5f4b-4184-aaa8-89e638159ec6	24001842	822410	41965	2022-07-04
2022-07-04 00:43:25.041	2022-07-04 00:43:25.042	406d6f96-c05e-4303-a76d-d3a750c68372	4335573	155622	16527	2022-07-04
2022-07-04 00:43:25.045	2022-07-04 00:43:25.046	0563e9f0-cc42-43f2-9da0-3e9562d0ea71	2657884	85392	5133	2022-07-04
2022-07-04 00:43:25.049	2022-07-04 00:43:25.051	e87d119d-6bd0-4a07-b2c4-ba2cf2516f9e	1631687	60385	6270	2022-07-04
2022-07-04 00:43:25.053	2022-07-04 00:43:25.054	7b58eba6-3a0c-4034-9bf2-b7016ed5338f	16017721	389634	23660	2022-07-04
2022-07-04 00:43:25.054	2022-07-04 00:43:25.055	d87f51bd-042d-4278-997f-b9f45f28a0bf	2778094	92575	11509	2022-07-04
2022-07-04 00:43:25.058	2022-07-04 00:43:25.059	c764609e-f0bf-4933-8ddf-6e8e3ddeefc8	680866	18195	3542	2022-07-04
2022-07-04 00:43:25.062	2022-07-04 00:43:25.063	9eab2380-df01-44cf-83a8-dab86a6be4da	407394	7611	509	2022-07-04
2022-07-04 00:43:25.068	2022-07-04 00:43:25.069	bb7d5bb4-10a2-4328-9558-779bcaddb827	8596820	389791	28374	2022-07-04
2022-07-04 00:43:25.07	2022-07-04 00:43:25.073	9d55d4d4-297d-42a7-aa7d-e04e7871da90	148984	7734	1332	2022-07-04
2022-07-04 00:43:25.032	2022-07-04 00:43:25.034	c2d2ba8e-f6dd-407b-aa1e-24bab8888098	1784855	40863	31184	2022-07-04
2022-07-04 00:43:25.037	2022-07-04 00:43:25.038	81fd3b51-ca00-411e-adcd-1e3b77cbe91b	6139574	213656	8892	2022-07-04
2022-07-04 00:43:25.034	2022-07-04 00:43:25.035	10e77c85-976b-43e9-bb95-65d5d8b92020	2023625	62154	4742	2022-07-04
2022-07-04 00:43:25.042	2022-07-04 00:43:25.043	884c5d2c-c5ee-4fa2-a516-4f42fb8c9905	1353792	41542	2477	2022-07-04
2022-07-04 00:43:25.039	2022-07-04 00:43:25.041	74d3c228-3554-40a6-b5f8-944444ebc3ba	1414573	30036	2161	2022-07-04
2022-07-04 00:43:25.043	2022-07-04 00:43:25.044	84683ea8-478f-48b8-8004-cece493fee98	2054317	66562	7040	2022-07-04
2022-07-04 00:43:25.047	2022-07-04 00:43:25.048	88deded7-0232-4819-9e39-2013dc7cc285	92975	7225	685	2022-07-04
2022-07-04 00:43:25.048	2022-07-04 00:43:25.049	17d98a07-34f5-4b1e-979e-1ce356994c1f	4042671	98863	11547	2022-07-04
2022-07-04 00:43:25.048	2022-07-04 00:43:25.05	0505a84b-01d7-4716-a7b2-61b70f18c033	4620755	157619	12041	2022-07-04
2022-07-04 00:43:25.05	2022-07-04 00:43:25.051	74dd785f-fa76-4251-9f7a-f63d6b37e37b	3473287	77378	5686	2022-07-04
2022-07-04 00:43:25.052	2022-07-04 00:43:25.053	f19186ab-e0ab-4e0d-bbd0-5157cd48a497	863407	31468	2699	2022-07-04
2022-07-04 00:43:25.055	2022-07-04 00:43:25.055	1c5e8059-55e2-4fba-b4d1-102f910c8bb2	2091635	56621	5162	2022-07-04
2022-07-04 00:43:25.055	2022-07-04 00:43:25.056	d57d9e2d-c7ab-4ab1-8d59-66d3d8509a8b	3473705	85025	11223	2022-07-04
2022-07-04 00:43:25.056	2022-07-04 00:43:25.057	bfb21ce3-2d6d-4bae-9964-6764a2f13372	10374724	343700	23808	2022-07-04
2022-07-04 00:43:25.059	2022-07-04 00:43:25.06	4d02491e-28dc-458e-a012-c76d5a15e496	5370342	167792	21939	2022-07-04
2022-07-04 00:43:25.06	2022-07-04 00:43:25.061	dc865347-8375-43c9-ba67-1bb999f287e8	912368	65269	7606	2022-07-04
2022-07-04 00:43:25.059	2022-07-04 00:43:25.06	16bf2fec-627c-4a47-9c0e-06ded47b4d60	1024083	36181	2683	2022-07-04
2022-07-04 00:43:25.062	2022-07-04 00:43:25.063	1d5f49b8-a20f-4152-970e-3bfb15afa7e7	785273	27560	3567	2022-07-04
2022-07-04 00:43:25.064	2022-07-04 00:43:25.065	4762c5df-c703-4b70-b83e-1000114da1f8	187749	7715	539	2022-07-04
2022-07-04 00:43:25.065	2022-07-04 00:43:25.066	cc479880-7eac-417f-aa20-2bdb51beba31	28577188	425929	31096	2022-07-04
2022-07-04 00:43:25.066	2022-07-04 00:43:25.068	29ed6ff9-653a-4cca-aa4d-b78fe0fd8985	2105381	150274	21671	2022-07-04
2022-07-04 00:43:25.069	2022-07-04 00:43:25.07	b39fa9cc-0c1f-408a-91f0-e3a720a69851	1102871	38308	4344	2022-07-04
2022-07-04 00:43:25.069	2022-07-04 00:43:25.071	145c49ae-4d41-47b3-8c8c-39d54ac3c8ec	3327399	980	141	2022-07-04
2022-07-04 00:43:25.042	2022-07-04 00:43:25.044	88a2afc6-3e15-402c-aadc-094c470c35ed	17404582	77086	15265	2022-07-04
2022-07-04 00:43:25.038	2022-07-04 00:43:25.039	13eb9117-d884-4b07-ae5b-0987b8208202	15089098	654866	33320	2022-07-04
2022-07-04 00:43:25.043	2022-07-04 00:43:25.044	df652a57-7728-4e08-8f6d-a44dc2fa64bf	445315	9576	2144	2022-07-04
2022-07-04 00:43:25.045	2022-07-04 00:43:25.046	a96de528-48cb-4be2-8100-845ad8fdcb2b	2552501	115527	0	2022-07-04
2022-07-04 00:43:25.047	2022-07-04 00:43:25.048	a4e59c4a-c362-4721-8036-b612d42a3f17	1667156	12380	1214	2022-07-04
2022-07-04 00:43:25.049	2022-07-04 00:43:25.05	20d7e49e-782d-4c26-84da-77cacf63fcd6	1367887	35970	1914	2022-07-04
2022-07-04 00:43:25.05	2022-07-04 00:43:25.051	f33dc980-fc6c-48c4-a82b-e3723441fa8b	3134533	33609	4496	2022-07-04
2022-07-04 00:43:25.051	2022-07-04 00:43:25.052	b9c517d4-d6e9-429e-b86b-89383cdcedaa	6043580	173619	24138	2022-07-04
2022-07-04 00:43:25.053	2022-07-04 00:43:25.054	e703f552-72fb-432a-af06-7844bdf34949	6011551	226033	13691	2022-07-04
2022-07-04 00:43:25.052	2022-07-04 00:43:25.053	ec0eb006-91ad-4fe7-b7b7-a883136337e2	1105794	48172	6291	2022-07-04
2022-07-04 00:43:25.054	2022-07-04 00:43:25.055	3e379e98-6601-4435-ab23-dcd434560c22	1596693	26015	2689	2022-07-04
2022-07-04 00:43:25.055	2022-07-04 00:43:25.056	ce03228a-e0fb-4bf4-be33-035373d49ed0	5276744	170225	32598	2022-07-04
2022-07-04 00:43:25.058	2022-07-04 00:43:25.059	d53f819c-955a-4ec6-8a14-8b20b3b7d159	869101	20232	2601	2022-07-04
2022-07-04 00:43:25.057	2022-07-04 00:43:25.058	6a77c550-9a4f-409a-8865-6105e2b59379	2774140	120855	12011	2022-07-04
2022-07-04 00:43:25.061	2022-07-04 00:43:25.062	5a6c02a0-8d65-4efb-a3f1-a0bc25c3a9af	143111	11784	1565	2022-07-04
2022-07-04 00:43:25.06	2022-07-04 00:43:25.061	ade20fd1-6743-4000-8140-9fe054fc464b	1567626	43233	5074	2022-07-04
2022-07-04 00:43:25.065	2022-07-04 00:43:25.066	b5a112b7-b42b-4e6c-8450-0c5053e7c7a0	540135	19067	2770	2022-07-04
2022-07-04 00:43:25.063	2022-07-04 00:43:25.064	46de8926-9640-4d42-9f40-3088a34b3fd1	443610	6107	4343	2022-07-04
2022-07-04 00:43:25.068	2022-07-04 00:43:25.069	3182b34b-1a01-4290-9176-a038c4a76524	295076	8514	994	2022-07-04
2022-07-04 00:43:25.066	2022-07-04 00:43:25.068	02978247-aa5e-4021-9e97-12d1b07a24cc	429583	16914	2640	2022-07-04
2022-07-05 00:38:53.551	2022-07-05 00:38:53.552	fe16bc85-f506-44fd-8fa9-99bf919bacd9	3599492	92940	4632	2022-07-05
2022-07-05 00:38:53.552	2022-07-05 00:38:53.553	ccedb919-a463-4114-9a94-1e8491aa1db6	15452052	202847	9260	2022-07-05
2022-07-05 00:38:53.554	2022-07-05 00:38:53.555	c2d2ba8e-f6dd-407b-aa1e-24bab8888098	1786785	40895	31181	2022-07-05
2022-07-05 00:38:53.552	2022-07-05 00:38:53.553	db09701c-5b3d-425d-b1bf-742c02fe923e	4041653	142173	18974	2022-07-05
2022-07-05 00:38:53.556	2022-07-05 00:38:53.557	841da886-5f4b-4184-aaa8-89e638159ec6	24016070	822649	41977	2022-07-05
2022-07-05 00:38:53.555	2022-07-05 00:38:53.556	10e77c85-976b-43e9-bb95-65d5d8b92020	2024601	62176	4742	2022-07-05
2022-07-05 00:38:53.558	2022-07-05 00:38:53.559	13eb9117-d884-4b07-ae5b-0987b8208202	15109580	655377	33346	2022-07-05
2022-07-05 00:38:53.563	2022-07-05 00:38:53.564	884c5d2c-c5ee-4fa2-a516-4f42fb8c9905	1354212	41558	2477	2022-07-05
2022-07-05 00:38:53.561	2022-07-05 00:38:53.562	406d6f96-c05e-4303-a76d-d3a750c68372	4336898	155633	16531	2022-07-05
2022-07-05 00:38:53.557	2022-07-05 00:38:53.558	81fd3b51-ca00-411e-adcd-1e3b77cbe91b	6141820	213696	8895	2022-07-05
2022-07-05 00:38:53.56	2022-07-05 00:38:53.561	74d3c228-3554-40a6-b5f8-944444ebc3ba	1414837	30039	2162	2022-07-05
2022-07-05 00:38:53.564	2022-07-05 00:38:53.565	84683ea8-478f-48b8-8004-cece493fee98	2055479	66574	7040	2022-07-05
2022-07-05 00:38:53.563	2022-07-05 00:38:53.564	88a2afc6-3e15-402c-aadc-094c470c35ed	17406691	77126	15270	2022-07-05
2022-07-05 00:38:53.564	2022-07-05 00:38:53.565	df652a57-7728-4e08-8f6d-a44dc2fa64bf	445470	9577	2144	2022-07-05
2022-07-05 00:38:53.566	2022-07-05 00:38:53.567	a96de528-48cb-4be2-8100-845ad8fdcb2b	2554191	115550	0	2022-07-05
2022-07-05 00:38:53.568	2022-07-05 00:38:53.569	88deded7-0232-4819-9e39-2013dc7cc285	93030	7227	685	2022-07-05
2022-07-05 00:38:53.568	2022-07-05 00:38:53.569	17d98a07-34f5-4b1e-979e-1ce356994c1f	4045055	98883	11549	2022-07-05
2022-07-05 00:38:53.567	2022-07-05 00:38:53.569	a4e59c4a-c362-4721-8036-b612d42a3f17	1667335	12382	1213	2022-07-05
2022-07-05 00:38:53.566	2022-07-05 00:38:53.568	0563e9f0-cc42-43f2-9da0-3e9562d0ea71	2659616	85425	5136	2022-07-05
2022-07-05 00:38:53.569	2022-07-05 00:38:53.57	0505a84b-01d7-4716-a7b2-61b70f18c033	4630450	157808	12054	2022-07-05
2022-07-05 00:38:53.57	2022-07-05 00:38:53.571	20d7e49e-782d-4c26-84da-77cacf63fcd6	1368204	35973	1914	2022-07-05
2022-07-05 00:38:53.571	2022-07-05 00:38:53.572	e87d119d-6bd0-4a07-b2c4-ba2cf2516f9e	1632574	60417	6276	2022-07-05
2022-07-05 00:38:53.572	2022-07-05 00:38:53.572	f33dc980-fc6c-48c4-a82b-e3723441fa8b	3134977	33612	4496	2022-07-05
2022-07-05 00:38:53.572	2022-07-05 00:38:53.572	b9c517d4-d6e9-429e-b86b-89383cdcedaa	6043975	173624	24137	2022-07-05
2022-07-05 00:38:53.571	2022-07-05 00:38:53.572	74dd785f-fa76-4251-9f7a-f63d6b37e37b	3473630	77385	5686	2022-07-05
2022-07-05 00:38:53.574	2022-07-05 00:38:53.575	e703f552-72fb-432a-af06-7844bdf34949	6019493	226203	13655	2022-07-05
2022-07-05 00:38:53.574	2022-07-05 00:38:53.575	7b58eba6-3a0c-4034-9bf2-b7016ed5338f	16031918	389799	23673	2022-07-05
2022-07-05 00:38:53.573	2022-07-05 00:38:53.574	ec0eb006-91ad-4fe7-b7b7-a883136337e2	1106101	48175	6292	2022-07-05
2022-07-05 00:38:53.576	2022-07-05 00:38:53.577	d57d9e2d-c7ab-4ab1-8d59-66d3d8509a8b	3483888	85075	11229	2022-07-05
2022-07-05 00:38:53.579	2022-07-05 00:38:53.58	c764609e-f0bf-4933-8ddf-6e8e3ddeefc8	682245	18202	3543	2022-07-05
2022-07-05 00:38:53.583	2022-07-05 00:38:53.585	46de8926-9640-4d42-9f40-3088a34b3fd1	444111	6111	4343	2022-07-05
2022-07-05 00:38:53.587	2022-07-05 00:38:53.588	29ed6ff9-653a-4cca-aa4d-b78fe0fd8985	2105717	150275	21666	2022-07-05
2022-07-05 00:38:53.59	2022-07-05 00:38:53.592	9d55d4d4-297d-42a7-aa7d-e04e7871da90	151856	7816	1348	2022-07-05
2022-07-05 00:38:53.575	2022-07-05 00:38:53.576	1c5e8059-55e2-4fba-b4d1-102f910c8bb2	2093399	56630	5161	2022-07-05
2022-07-05 00:38:53.577	2022-07-05 00:38:53.579	6a77c550-9a4f-409a-8865-6105e2b59379	2776925	120922	12015	2022-07-05
2022-07-05 00:38:53.58	2022-07-05 00:38:53.581	4d02491e-28dc-458e-a012-c76d5a15e496	5373004	167845	21942	2022-07-05
2022-07-05 00:38:53.582	2022-07-05 00:38:53.583	1d5f49b8-a20f-4152-970e-3bfb15afa7e7	788087	27594	3578	2022-07-05
2022-07-05 00:38:53.585	2022-07-05 00:38:53.586	b5a112b7-b42b-4e6c-8450-0c5053e7c7a0	542097	19089	2770	2022-07-05
2022-07-05 00:38:53.588	2022-07-05 00:38:53.589	bb7d5bb4-10a2-4328-9558-779bcaddb827	8614530	390223	28411	2022-07-05
2022-07-05 00:38:53.575	2022-07-05 00:38:53.576	d87f51bd-042d-4278-997f-b9f45f28a0bf	2778506	92578	11508	2022-07-05
2022-07-05 00:38:53.576	2022-07-05 00:38:53.577	ce03228a-e0fb-4bf4-be33-035373d49ed0	5279498	170255	32598	2022-07-05
2022-07-05 00:38:53.58	2022-07-05 00:38:53.58	16bf2fec-627c-4a47-9c0e-06ded47b4d60	1024378	36187	2683	2022-07-05
2022-07-05 00:38:53.582	2022-07-05 00:38:53.583	5a6c02a0-8d65-4efb-a3f1-a0bc25c3a9af	143719	11804	1564	2022-07-05
2022-07-05 00:38:53.585	2022-07-05 00:38:53.586	cc479880-7eac-417f-aa20-2bdb51beba31	28611197	426417	31129	2022-07-05
2022-07-05 00:38:53.588	2022-07-05 00:38:53.589	3182b34b-1a01-4290-9176-a038c4a76524	351159	9687	1084	2022-07-05
2022-07-05 00:38:53.589	2022-07-05 00:38:53.591	145c49ae-4d41-47b3-8c8c-39d54ac3c8ec	3327558	982	142	2022-07-05
2022-07-05 00:38:53.573	2022-07-05 00:38:53.574	f19186ab-e0ab-4e0d-bbd0-5157cd48a497	864102	31473	2698	2022-07-05
2022-07-05 00:38:53.577	2022-07-05 00:38:53.578	bfb21ce3-2d6d-4bae-9964-6764a2f13372	10375329	343708	23810	2022-07-05
2022-07-05 00:38:53.581	2022-07-05 00:38:53.582	ade20fd1-6743-4000-8140-9fe054fc464b	1567696	43234	5074	2022-07-05
2022-07-05 00:38:53.584	2022-07-05 00:38:53.585	4762c5df-c703-4b70-b83e-1000114da1f8	187991	7727	539	2022-07-05
2022-07-05 00:38:53.589	2022-07-05 00:38:53.59	b39fa9cc-0c1f-408a-91f0-e3a720a69851	1104006	38327	4349	2022-07-05
2022-07-05 00:38:53.575	2022-07-05 00:38:53.576	3e379e98-6601-4435-ab23-dcd434560c22	1596862	26017	2689	2022-07-05
2022-07-05 00:38:53.579	2022-07-05 00:38:53.58	d53f819c-955a-4ec6-8a14-8b20b3b7d159	869198	20234	2601	2022-07-05
2022-07-05 00:38:53.581	2022-07-05 00:38:53.581	dc865347-8375-43c9-ba67-1bb999f287e8	912483	65269	7607	2022-07-05
2022-07-05 00:38:53.583	2022-07-05 00:38:53.584	9eab2380-df01-44cf-83a8-dab86a6be4da	407580	7614	509	2022-07-05
2022-07-05 00:38:53.587	2022-07-05 00:38:53.588	02978247-aa5e-4021-9e97-12d1b07a24cc	431287	16934	2638	2022-07-05
2022-07-06 00:43:43.442	2022-07-06 00:43:43.443	ccedb919-a463-4114-9a94-1e8491aa1db6	15460815	202939	9261	2022-07-06
2022-07-06 00:43:43.443	2022-07-06 00:43:43.444	fe16bc85-f506-44fd-8fa9-99bf919bacd9	3602086	92981	4633	2022-07-06
2022-07-06 00:43:43.443	2022-07-06 00:43:43.444	db09701c-5b3d-425d-b1bf-742c02fe923e	4044064	142200	18980	2022-07-06
2022-07-06 00:43:43.447	2022-07-06 00:43:43.448	841da886-5f4b-4184-aaa8-89e638159ec6	24029315	822862	42000	2022-07-06
2022-07-06 00:43:43.446	2022-07-06 00:43:43.447	10e77c85-976b-43e9-bb95-65d5d8b92020	2025538	62199	4742	2022-07-06
2022-07-06 00:43:43.445	2022-07-06 00:43:43.446	c2d2ba8e-f6dd-407b-aa1e-24bab8888098	1788938	40919	31187	2022-07-06
2022-07-06 00:43:43.448	2022-07-06 00:43:43.449	13eb9117-d884-4b07-ae5b-0987b8208202	15129205	655930	33370	2022-07-06
2022-07-06 00:43:43.448	2022-07-06 00:43:43.448	81fd3b51-ca00-411e-adcd-1e3b77cbe91b	6144070	213728	8895	2022-07-06
2022-07-06 00:43:43.451	2022-07-06 00:43:43.452	884c5d2c-c5ee-4fa2-a516-4f42fb8c9905	1354606	41573	2475	2022-07-06
2022-07-06 00:43:43.452	2022-07-06 00:43:43.453	406d6f96-c05e-4303-a76d-d3a750c68372	4338088	155639	16534	2022-07-06
2022-07-06 00:43:43.453	2022-07-06 00:43:43.454	84683ea8-478f-48b8-8004-cece493fee98	2056869	66601	7038	2022-07-06
2022-07-06 00:43:43.449	2022-07-06 00:43:43.451	74d3c228-3554-40a6-b5f8-944444ebc3ba	1415136	30041	2162	2022-07-06
2022-07-06 00:43:43.452	2022-07-06 00:43:43.453	88a2afc6-3e15-402c-aadc-094c470c35ed	17408684	77150	15267	2022-07-06
2022-07-06 00:43:43.453	2022-07-06 00:43:43.454	df652a57-7728-4e08-8f6d-a44dc2fa64bf	445621	9578	2144	2022-07-06
2022-07-06 00:43:43.454	2022-07-06 00:43:43.456	a96de528-48cb-4be2-8100-845ad8fdcb2b	2555762	115567	0	2022-07-06
2022-07-06 00:43:43.456	2022-07-06 00:43:43.457	88deded7-0232-4819-9e39-2013dc7cc285	93108	7229	685	2022-07-06
2022-07-06 00:43:43.457	2022-07-06 00:43:43.458	17d98a07-34f5-4b1e-979e-1ce356994c1f	4047487	98910	11552	2022-07-06
2022-07-06 00:43:43.456	2022-07-06 00:43:43.457	a4e59c4a-c362-4721-8036-b612d42a3f17	1667496	12386	1213	2022-07-06
2022-07-06 00:43:43.455	2022-07-06 00:43:43.456	0563e9f0-cc42-43f2-9da0-3e9562d0ea71	2661137	85459	5137	2022-07-06
2022-07-06 00:43:43.458	2022-07-06 00:43:43.459	20d7e49e-782d-4c26-84da-77cacf63fcd6	1368493	35975	1913	2022-07-06
2022-07-06 00:43:43.457	2022-07-06 00:43:43.458	0505a84b-01d7-4716-a7b2-61b70f18c033	4640143	158009	12065	2022-07-06
2022-07-06 00:43:43.459	2022-07-06 00:43:43.46	f33dc980-fc6c-48c4-a82b-e3723441fa8b	3136733	33651	4502	2022-07-06
2022-07-06 00:43:43.459	2022-07-06 00:43:43.46	e87d119d-6bd0-4a07-b2c4-ba2cf2516f9e	1633345	60433	6276	2022-07-06
2022-07-06 00:43:43.459	2022-07-06 00:43:43.46	b9c517d4-d6e9-429e-b86b-89383cdcedaa	6044332	173628	24125	2022-07-06
2022-07-06 00:43:43.458	2022-07-06 00:43:43.459	74dd785f-fa76-4251-9f7a-f63d6b37e37b	3473928	77387	5685	2022-07-06
2022-07-06 00:43:43.46	2022-07-06 00:43:43.461	ec0eb006-91ad-4fe7-b7b7-a883136337e2	1106416	48184	6292	2022-07-06
2022-07-06 00:43:43.462	2022-07-06 00:43:43.463	7b58eba6-3a0c-4034-9bf2-b7016ed5338f	16047902	389963	23678	2022-07-06
2022-07-06 00:43:43.461	2022-07-06 00:43:43.462	e703f552-72fb-432a-af06-7844bdf34949	6027044	226380	13662	2022-07-06
2022-07-06 00:43:43.462	2022-07-06 00:43:43.463	d87f51bd-042d-4278-997f-b9f45f28a0bf	2779047	92585	11508	2022-07-06
2022-07-06 00:43:43.464	2022-07-06 00:43:43.464	ce03228a-e0fb-4bf4-be33-035373d49ed0	5281696	170291	32596	2022-07-06
2022-07-06 00:43:43.46	2022-07-06 00:43:43.462	f19186ab-e0ab-4e0d-bbd0-5157cd48a497	864877	31475	2698	2022-07-06
2022-07-06 00:43:43.463	2022-07-06 00:43:43.464	1c5e8059-55e2-4fba-b4d1-102f910c8bb2	2095049	56637	5165	2022-07-06
2022-07-06 00:43:43.463	2022-07-06 00:43:43.464	3e379e98-6601-4435-ab23-dcd434560c22	1597033	26024	2689	2022-07-06
2022-07-06 00:43:43.464	2022-07-06 00:43:43.464	d57d9e2d-c7ab-4ab1-8d59-66d3d8509a8b	3492365	85130	11229	2022-07-06
2022-07-06 00:43:43.465	2022-07-06 00:43:43.466	bfb21ce3-2d6d-4bae-9964-6764a2f13372	10375973	343711	23803	2022-07-06
2022-07-06 00:43:43.466	2022-07-06 00:43:43.467	d53f819c-955a-4ec6-8a14-8b20b3b7d159	869350	20238	2601	2022-07-06
2022-07-06 00:43:43.465	2022-07-06 00:43:43.466	6a77c550-9a4f-409a-8865-6105e2b59379	2780255	120996	12019	2022-07-06
2022-07-06 00:43:43.467	2022-07-06 00:43:43.468	16bf2fec-627c-4a47-9c0e-06ded47b4d60	1024674	36196	2684	2022-07-06
2022-07-06 00:43:43.467	2022-07-06 00:43:43.468	4d02491e-28dc-458e-a012-c76d5a15e496	5375829	167901	21949	2022-07-06
2022-07-06 00:43:43.468	2022-07-06 00:43:43.469	dc865347-8375-43c9-ba67-1bb999f287e8	912580	65268	7606	2022-07-06
2022-07-06 00:43:43.466	2022-07-06 00:43:43.467	c764609e-f0bf-4933-8ddf-6e8e3ddeefc8	684073	18217	3547	2022-07-06
2022-07-06 00:43:43.468	2022-07-06 00:43:43.469	ade20fd1-6743-4000-8140-9fe054fc464b	1567754	43234	5074	2022-07-06
2022-07-06 00:43:43.469	2022-07-06 00:43:43.47	5a6c02a0-8d65-4efb-a3f1-a0bc25c3a9af	144234	11814	1568	2022-07-06
2022-07-06 00:43:43.47	2022-07-06 00:43:43.471	1d5f49b8-a20f-4152-970e-3bfb15afa7e7	790895	27630	3578	2022-07-06
2022-07-06 00:43:43.47	2022-07-06 00:43:43.471	9eab2380-df01-44cf-83a8-dab86a6be4da	407897	7616	509	2022-07-06
2022-07-06 00:43:43.471	2022-07-06 00:43:43.473	46de8926-9640-4d42-9f40-3088a34b3fd1	444587	6115	4343	2022-07-06
2022-07-06 00:43:43.473	2022-07-06 00:43:43.473	b5a112b7-b42b-4e6c-8450-0c5053e7c7a0	544038	19121	2771	2022-07-06
2022-07-06 00:43:43.471	2022-07-06 00:43:43.473	4762c5df-c703-4b70-b83e-1000114da1f8	188210	7731	539	2022-07-06
2022-07-06 00:43:43.476	2022-07-06 00:43:43.477	3182b34b-1a01-4290-9176-a038c4a76524	386666	10599	1152	2022-07-06
2022-07-06 00:43:43.474	2022-07-06 00:43:43.475	02978247-aa5e-4021-9e97-12d1b07a24cc	433234	16980	2630	2022-07-06
2022-07-06 00:43:43.473	2022-07-06 00:43:43.474	cc479880-7eac-417f-aa20-2bdb51beba31	28644536	426870	31243	2022-07-06
2022-07-06 00:43:43.475	2022-07-06 00:43:43.476	bb7d5bb4-10a2-4328-9558-779bcaddb827	8631656	390687	28451	2022-07-06
2022-07-06 00:43:43.474	2022-07-06 00:43:43.476	29ed6ff9-653a-4cca-aa4d-b78fe0fd8985	2106112	150279	21664	2022-07-06
2022-07-06 00:43:43.477	2022-07-06 00:43:43.478	b39fa9cc-0c1f-408a-91f0-e3a720a69851	1104944	38338	4348	2022-07-06
2022-07-06 00:43:43.477	2022-07-06 00:43:43.478	145c49ae-4d41-47b3-8c8c-39d54ac3c8ec	3327655	982	142	2022-07-06
2022-07-06 00:43:43.478	2022-07-06 00:43:43.48	9d55d4d4-297d-42a7-aa7d-e04e7871da90	154114	7875	1357	2022-07-06
2022-07-07 00:42:45.974	2022-07-07 00:42:45.975	fe16bc85-f506-44fd-8fa9-99bf919bacd9	3604739	93019	4633	2022-07-07
2022-07-07 00:42:45.974	2022-07-07 00:42:45.976	ccedb919-a463-4114-9a94-1e8491aa1db6	15470497	203011	9265	2022-07-07
2022-07-07 00:42:45.976	2022-07-07 00:42:45.977	c2d2ba8e-f6dd-407b-aa1e-24bab8888098	1791192	40960	31196	2022-07-07
2022-07-07 00:42:45.975	2022-07-07 00:42:45.976	db09701c-5b3d-425d-b1bf-742c02fe923e	4045897	142220	18977	2022-07-07
2022-07-07 00:42:45.979	2022-07-07 00:42:45.98	81fd3b51-ca00-411e-adcd-1e3b77cbe91b	6146713	213784	8896	2022-07-07
2022-07-07 00:42:45.978	2022-07-07 00:42:45.979	841da886-5f4b-4184-aaa8-89e638159ec6	24043500	823126	42019	2022-07-07
2022-07-07 00:42:45.977	2022-07-07 00:42:45.978	10e77c85-976b-43e9-bb95-65d5d8b92020	2027972	62253	4748	2022-07-07
2022-07-07 00:42:45.983	2022-07-07 00:42:45.984	884c5d2c-c5ee-4fa2-a516-4f42fb8c9905	1355003	41585	2475	2022-07-07
2022-07-07 00:42:45.98	2022-07-07 00:42:45.981	13eb9117-d884-4b07-ae5b-0987b8208202	15195450	657889	33478	2022-07-07
2022-07-07 00:42:45.981	2022-07-07 00:42:45.983	74d3c228-3554-40a6-b5f8-944444ebc3ba	1415386	30045	2162	2022-07-07
2022-07-07 00:42:45.983	2022-07-07 00:42:45.984	406d6f96-c05e-4303-a76d-d3a750c68372	4339352	155655	16534	2022-07-07
2022-07-07 00:42:45.984	2022-07-07 00:42:45.985	88a2afc6-3e15-402c-aadc-094c470c35ed	17410584	77178	15268	2022-07-07
2022-07-07 00:42:45.984	2022-07-07 00:42:45.985	df652a57-7728-4e08-8f6d-a44dc2fa64bf	445772	9581	2144	2022-07-07
2022-07-07 00:42:45.985	2022-07-07 00:42:45.986	84683ea8-478f-48b8-8004-cece493fee98	2058264	66635	7040	2022-07-07
2022-07-07 00:42:45.988	2022-07-07 00:42:45.989	17d98a07-34f5-4b1e-979e-1ce356994c1f	4049972	98934	11553	2022-07-07
2022-07-07 00:42:45.987	2022-07-07 00:42:45.988	88deded7-0232-4819-9e39-2013dc7cc285	93173	7232	684	2022-07-07
2022-07-07 00:42:45.986	2022-07-07 00:42:45.987	a96de528-48cb-4be2-8100-845ad8fdcb2b	2557226	115585	0	2022-07-07
2022-07-07 00:42:45.986	2022-07-07 00:42:45.987	0563e9f0-cc42-43f2-9da0-3e9562d0ea71	2662748	85481	5139	2022-07-07
2022-07-07 00:42:45.987	2022-07-07 00:42:45.988	a4e59c4a-c362-4721-8036-b612d42a3f17	1667650	12389	1214	2022-07-07
2022-07-07 00:42:45.988	2022-07-07 00:42:45.989	0505a84b-01d7-4716-a7b2-61b70f18c033	4648942	158207	12080	2022-07-07
2022-07-07 00:42:45.989	2022-07-07 00:42:45.99	20d7e49e-782d-4c26-84da-77cacf63fcd6	1368824	35978	1913	2022-07-07
2022-07-07 00:42:45.99	2022-07-07 00:42:45.991	f33dc980-fc6c-48c4-a82b-e3723441fa8b	3139458	33693	4509	2022-07-07
2022-07-07 00:42:45.99	2022-07-07 00:42:45.991	b9c517d4-d6e9-429e-b86b-89383cdcedaa	6044716	173632	24124	2022-07-07
2022-07-07 00:42:45.99	2022-07-07 00:42:45.991	e87d119d-6bd0-4a07-b2c4-ba2cf2516f9e	1634266	60458	6276	2022-07-07
2022-07-07 00:42:45.989	2022-07-07 00:42:45.99	74dd785f-fa76-4251-9f7a-f63d6b37e37b	3474340	77392	5685	2022-07-07
2022-07-07 00:42:45.993	2022-07-07 00:42:45.994	7b58eba6-3a0c-4034-9bf2-b7016ed5338f	16062765	390116	23689	2022-07-07
2022-07-07 00:42:45.992	2022-07-07 00:42:45.993	e703f552-72fb-432a-af06-7844bdf34949	6033800	226522	13648	2022-07-07
2022-07-07 00:42:45.993	2022-07-07 00:42:45.994	d87f51bd-042d-4278-997f-b9f45f28a0bf	2779595	92590	11506	2022-07-07
2022-07-07 00:42:45.992	2022-07-07 00:42:45.993	ec0eb006-91ad-4fe7-b7b7-a883136337e2	1106725	48188	6292	2022-07-07
2022-07-07 00:42:45.995	2022-07-07 00:42:45.996	ce03228a-e0fb-4bf4-be33-035373d49ed0	5285763	170341	32593	2022-07-07
2022-07-07 00:42:45.994	2022-07-07 00:42:45.995	1c5e8059-55e2-4fba-b4d1-102f910c8bb2	2096649	56645	5166	2022-07-07
2022-07-07 00:42:45.994	2022-07-07 00:42:45.995	3e379e98-6601-4435-ab23-dcd434560c22	1597201	26025	2689	2022-07-07
2022-07-07 00:42:45.995	2022-07-07 00:42:45.996	d57d9e2d-c7ab-4ab1-8d59-66d3d8509a8b	3501507	85163	11231	2022-07-07
2022-07-07 00:42:45.992	2022-07-07 00:42:45.993	f19186ab-e0ab-4e0d-bbd0-5157cd48a497	865300	31477	2699	2022-07-07
2022-07-07 00:42:45.996	2022-07-07 00:42:45.997	bfb21ce3-2d6d-4bae-9964-6764a2f13372	10376582	343724	23803	2022-07-07
2022-07-07 00:42:45.998	2022-07-07 00:42:45.999	16bf2fec-627c-4a47-9c0e-06ded47b4d60	1024930	36205	2684	2022-07-07
2022-07-07 00:42:45.997	2022-07-07 00:42:45.998	d53f819c-955a-4ec6-8a14-8b20b3b7d159	869473	20241	2601	2022-07-07
2022-07-07 00:42:45.996	2022-07-07 00:42:45.997	6a77c550-9a4f-409a-8865-6105e2b59379	2783326	121068	12021	2022-07-07
2022-07-07 00:42:45.997	2022-07-07 00:42:45.998	c764609e-f0bf-4933-8ddf-6e8e3ddeefc8	685957	18235	3550	2022-07-07
2022-07-07 00:42:45.998	2022-07-07 00:42:45.999	4d02491e-28dc-458e-a012-c76d5a15e496	5378752	167968	21961	2022-07-07
2022-07-07 00:42:45.998	2022-07-07 00:42:45.999	dc865347-8375-43c9-ba67-1bb999f287e8	912680	65267	7606	2022-07-07
2022-07-07 00:42:45.999	2022-07-07 00:42:46	5a6c02a0-8d65-4efb-a3f1-a0bc25c3a9af	144740	11833	1569	2022-07-07
2022-07-07 00:42:45.999	2022-07-07 00:42:46	ade20fd1-6743-4000-8140-9fe054fc464b	1567816	43235	5074	2022-07-07
2022-07-07 00:42:46	2022-07-07 00:42:46.002	1d5f49b8-a20f-4152-970e-3bfb15afa7e7	793116	27662	3576	2022-07-07
2022-07-07 00:42:46.001	2022-07-07 00:42:46.002	9eab2380-df01-44cf-83a8-dab86a6be4da	408095	7618	509	2022-07-07
2022-07-07 00:42:46.002	2022-07-07 00:42:46.003	46de8926-9640-4d42-9f40-3088a34b3fd1	445140	6126	4344	2022-07-07
2022-07-07 00:42:46.003	2022-07-07 00:42:46.004	b5a112b7-b42b-4e6c-8450-0c5053e7c7a0	545798	19145	2777	2022-07-07
2022-07-07 00:42:46.002	2022-07-07 00:42:46.003	4762c5df-c703-4b70-b83e-1000114da1f8	188457	7734	539	2022-07-07
2022-07-07 00:42:46.005	2022-07-07 00:42:46.006	bb7d5bb4-10a2-4328-9558-779bcaddb827	8648476	391150	28456	2022-07-07
2022-07-07 00:42:46.003	2022-07-07 00:42:46.004	cc479880-7eac-417f-aa20-2bdb51beba31	28675333	427371	31278	2022-07-07
2022-07-07 00:42:46.006	2022-07-07 00:42:46.007	3182b34b-1a01-4290-9176-a038c4a76524	406739	11227	1198	2022-07-07
2022-07-07 00:42:46.004	2022-07-07 00:42:46.005	02978247-aa5e-4021-9e97-12d1b07a24cc	435278	17022	2654	2022-07-07
2022-07-07 00:42:46.005	2022-07-07 00:42:46.006	29ed6ff9-653a-4cca-aa4d-b78fe0fd8985	2106512	150280	21669	2022-07-07
2022-07-07 00:42:46.007	2022-07-07 00:42:46.008	b39fa9cc-0c1f-408a-91f0-e3a720a69851	1105304	38352	4303	2022-07-07
2022-07-07 00:42:46.007	2022-07-07 00:42:46.008	145c49ae-4d41-47b3-8c8c-39d54ac3c8ec	3327742	982	142	2022-07-07
2022-07-07 00:42:46.008	2022-07-07 00:42:46.013	9d55d4d4-297d-42a7-aa7d-e04e7871da90	155935	7922	1366	2022-07-07
2022-07-08 00:43:14.732	2022-07-08 00:43:14.733	ccedb919-a463-4114-9a94-1e8491aa1db6	15478553	203092	9267	2022-07-08
2022-07-08 00:43:14.733	2022-07-08 00:43:14.733	db09701c-5b3d-425d-b1bf-742c02fe923e	4048048	142246	18978	2022-07-08
2022-07-08 00:43:14.74	2022-07-08 00:43:14.741	c2d2ba8e-f6dd-407b-aa1e-24bab8888098	1793568	41006	31208	2022-07-08
2022-07-08 00:43:14.738	2022-07-08 00:43:14.74	fe16bc85-f506-44fd-8fa9-99bf919bacd9	3607657	93067	4634	2022-07-08
2022-07-08 00:43:14.743	2022-07-08 00:43:14.744	81fd3b51-ca00-411e-adcd-1e3b77cbe91b	6149687	213851	8897	2022-07-08
2022-07-08 00:43:14.742	2022-07-08 00:43:14.743	841da886-5f4b-4184-aaa8-89e638159ec6	24059040	823399	42013	2022-07-08
2022-07-08 00:43:14.744	2022-07-08 00:43:14.745	13eb9117-d884-4b07-ae5b-0987b8208202	15260437	659359	33524	2022-07-08
2022-07-08 00:43:14.746	2022-07-08 00:43:14.747	884c5d2c-c5ee-4fa2-a516-4f42fb8c9905	1355375	41598	2475	2022-07-08
2022-07-08 00:43:14.745	2022-07-08 00:43:14.746	406d6f96-c05e-4303-a76d-d3a750c68372	4340683	155673	16534	2022-07-08
2022-07-08 00:43:14.743	2022-07-08 00:43:14.744	10e77c85-976b-43e9-bb95-65d5d8b92020	2030611	62292	4749	2022-07-08
2022-07-08 00:43:14.744	2022-07-08 00:43:14.746	74d3c228-3554-40a6-b5f8-944444ebc3ba	1415639	30053	2162	2022-07-08
2022-07-08 00:43:14.747	2022-07-08 00:43:14.748	84683ea8-478f-48b8-8004-cece493fee98	2059643	66656	7038	2022-07-08
2022-07-08 00:43:14.746	2022-07-08 00:43:14.748	88a2afc6-3e15-402c-aadc-094c470c35ed	17412642	77214	15269	2022-07-08
2022-07-08 00:43:14.747	2022-07-08 00:43:14.748	df652a57-7728-4e08-8f6d-a44dc2fa64bf	445926	9584	2144	2022-07-08
2022-07-08 00:43:14.751	2022-07-08 00:43:14.752	17d98a07-34f5-4b1e-979e-1ce356994c1f	4052386	98963	11553	2022-07-08
2022-07-08 00:43:14.75	2022-07-08 00:43:14.751	88deded7-0232-4819-9e39-2013dc7cc285	93245	7235	684	2022-07-08
2022-07-08 00:43:14.748	2022-07-08 00:43:14.75	a96de528-48cb-4be2-8100-845ad8fdcb2b	2558666	115596	0	2022-07-08
2022-07-08 00:43:14.75	2022-07-08 00:43:14.751	a4e59c4a-c362-4721-8036-b612d42a3f17	1667807	12392	1214	2022-07-08
2022-07-08 00:43:14.751	2022-07-08 00:43:14.752	0505a84b-01d7-4716-a7b2-61b70f18c033	4657930	158420	12088	2022-07-08
2022-07-08 00:43:14.749	2022-07-08 00:43:14.75	0563e9f0-cc42-43f2-9da0-3e9562d0ea71	2664400	85500	5139	2022-07-08
2022-07-08 00:43:14.752	2022-07-08 00:43:14.753	20d7e49e-782d-4c26-84da-77cacf63fcd6	1369125	35980	1913	2022-07-08
2022-07-08 00:43:14.753	2022-07-08 00:43:14.754	e87d119d-6bd0-4a07-b2c4-ba2cf2516f9e	1635251	60481	6277	2022-07-08
2022-07-08 00:43:14.755	2022-07-08 00:43:14.756	ec0eb006-91ad-4fe7-b7b7-a883136337e2	1107065	48191	6292	2022-07-08
2022-07-08 00:43:14.758	2022-07-08 00:43:14.759	d57d9e2d-c7ab-4ab1-8d59-66d3d8509a8b	3511728	85211	11235	2022-07-08
2022-07-08 00:43:14.761	2022-07-08 00:43:14.763	c764609e-f0bf-4933-8ddf-6e8e3ddeefc8	687810	18262	3553	2022-07-08
2022-07-08 00:43:14.766	2022-07-08 00:43:14.767	9eab2380-df01-44cf-83a8-dab86a6be4da	408294	7622	509	2022-07-08
2022-07-08 00:43:14.768	2022-07-08 00:43:14.769	b5a112b7-b42b-4e6c-8450-0c5053e7c7a0	547654	19163	2769	2022-07-08
2022-07-08 00:43:14.771	2022-07-08 00:43:14.772	bb7d5bb4-10a2-4328-9558-779bcaddb827	8665927	391587	28514	2022-07-08
2022-07-08 00:43:14.774	2022-07-08 00:43:14.776	9d55d4d4-297d-42a7-aa7d-e04e7871da90	158356	7979	1373	2022-07-08
2022-07-08 00:43:14.754	2022-07-08 00:43:14.754	f33dc980-fc6c-48c4-a82b-e3723441fa8b	3144086	33762	4519	2022-07-08
2022-07-08 00:43:14.756	2022-07-08 00:43:14.757	7b58eba6-3a0c-4034-9bf2-b7016ed5338f	16078428	390279	23699	2022-07-08
2022-07-08 00:43:14.758	2022-07-08 00:43:14.759	ce03228a-e0fb-4bf4-be33-035373d49ed0	5289533	170388	32574	2022-07-08
2022-07-08 00:43:14.76	2022-07-08 00:43:14.761	6a77c550-9a4f-409a-8865-6105e2b59379	2786878	121146	12026	2022-07-08
2022-07-08 00:43:14.764	2022-07-08 00:43:14.765	5a6c02a0-8d65-4efb-a3f1-a0bc25c3a9af	145261	11846	1570	2022-07-08
2022-07-08 00:43:14.767	2022-07-08 00:43:14.768	4762c5df-c703-4b70-b83e-1000114da1f8	188732	7745	539	2022-07-08
2022-07-08 00:43:14.771	2022-07-08 00:43:14.772	3182b34b-1a01-4290-9176-a038c4a76524	420180	11566	1212	2022-07-08
2022-07-08 00:43:14.754	2022-07-08 00:43:14.755	b9c517d4-d6e9-429e-b86b-89383cdcedaa	6045104	173635	24129	2022-07-08
2022-07-08 00:43:14.756	2022-07-08 00:43:14.757	e703f552-72fb-432a-af06-7844bdf34949	6040893	226681	13647	2022-07-08
2022-07-08 00:43:14.757	2022-07-08 00:43:14.758	3e379e98-6601-4435-ab23-dcd434560c22	1597370	26028	2689	2022-07-08
2022-07-08 00:43:14.762	2022-07-08 00:43:14.763	16bf2fec-627c-4a47-9c0e-06ded47b4d60	1025186	36210	2685	2022-07-08
2022-07-08 00:43:14.763	2022-07-08 00:43:14.764	ade20fd1-6743-4000-8140-9fe054fc464b	1567885	43234	5074	2022-07-08
2022-07-08 00:43:14.769	2022-07-08 00:43:14.77	02978247-aa5e-4021-9e97-12d1b07a24cc	437712	17062	2638	2022-07-08
2022-07-08 00:43:14.772	2022-07-08 00:43:14.773	145c49ae-4d41-47b3-8c8c-39d54ac3c8ec	3327801	983	143	2022-07-08
2022-07-08 00:43:14.753	2022-07-08 00:43:14.754	74dd785f-fa76-4251-9f7a-f63d6b37e37b	3474774	77403	5685	2022-07-08
2022-07-08 00:43:14.757	2022-07-08 00:43:14.758	d87f51bd-042d-4278-997f-b9f45f28a0bf	2780116	92593	11506	2022-07-08
2022-07-08 00:43:14.76	2022-07-08 00:43:14.761	bfb21ce3-2d6d-4bae-9964-6764a2f13372	10377242	343734	23802	2022-07-08
2022-07-08 00:43:14.762	2022-07-08 00:43:14.763	4d02491e-28dc-458e-a012-c76d5a15e496	5381723	168032	21977	2022-07-08
2022-07-08 00:43:14.765	2022-07-08 00:43:14.766	1d5f49b8-a20f-4152-970e-3bfb15afa7e7	795265	27698	3583	2022-07-08
2022-07-08 00:43:14.768	2022-07-08 00:43:14.769	cc479880-7eac-417f-aa20-2bdb51beba31	28706381	427835	31344	2022-07-08
2022-07-08 00:43:14.772	2022-07-08 00:43:14.773	b39fa9cc-0c1f-408a-91f0-e3a720a69851	1106057	38363	4309	2022-07-08
2022-07-08 00:43:14.755	2022-07-08 00:43:14.756	f19186ab-e0ab-4e0d-bbd0-5157cd48a497	865807	31477	2700	2022-07-08
2022-07-08 00:43:14.757	2022-07-08 00:43:14.758	1c5e8059-55e2-4fba-b4d1-102f910c8bb2	2098728	56652	5166	2022-07-08
2022-07-08 00:43:14.761	2022-07-08 00:43:14.762	d53f819c-955a-4ec6-8a14-8b20b3b7d159	869574	20242	2601	2022-07-08
2022-07-08 00:43:14.763	2022-07-08 00:43:14.764	dc865347-8375-43c9-ba67-1bb999f287e8	912776	65267	7604	2022-07-08
2022-07-08 00:43:14.766	2022-07-08 00:43:14.767	46de8926-9640-4d42-9f40-3088a34b3fd1	445691	6136	4344	2022-07-08
2022-07-08 00:43:14.77	2022-07-08 00:43:14.771	29ed6ff9-653a-4cca-aa4d-b78fe0fd8985	2106879	150292	21671	2022-07-08
2022-07-09 00:35:49.219	2022-07-09 00:35:49.22	db09701c-5b3d-425d-b1bf-742c02fe923e	4050379	142279	18972	2022-07-09
2022-07-09 00:35:49.218	2022-07-09 00:35:49.219	ccedb919-a463-4114-9a94-1e8491aa1db6	15485628	203155	9270	2022-07-09
2022-07-09 00:35:49.218	2022-07-09 00:35:49.226	fe16bc85-f506-44fd-8fa9-99bf919bacd9	3610305	93113	4635	2022-07-09
2022-07-09 00:35:49.225	2022-07-09 00:35:49.227	c2d2ba8e-f6dd-407b-aa1e-24bab8888098	1796017	41051	31226	2022-07-09
2022-07-09 00:35:49.227	2022-07-09 00:35:49.228	81fd3b51-ca00-411e-adcd-1e3b77cbe91b	6152424	213894	8896	2022-07-09
2022-07-09 00:35:49.227	2022-07-09 00:35:49.228	841da886-5f4b-4184-aaa8-89e638159ec6	24073313	823696	42016	2022-07-09
2022-07-09 00:35:49.226	2022-07-09 00:35:49.227	10e77c85-976b-43e9-bb95-65d5d8b92020	2032079	62322	4749	2022-07-09
2022-07-09 00:35:49.23	2022-07-09 00:35:49.231	88a2afc6-3e15-402c-aadc-094c470c35ed	17414598	77239	15276	2022-07-09
2022-07-09 00:35:49.229	2022-07-09 00:35:49.23	884c5d2c-c5ee-4fa2-a516-4f42fb8c9905	1355747	41608	2475	2022-07-09
2022-07-09 00:35:49.228	2022-07-09 00:35:49.229	13eb9117-d884-4b07-ae5b-0987b8208202	15306188	660527	33559	2022-07-09
2022-07-09 00:35:49.229	2022-07-09 00:35:49.23	406d6f96-c05e-4303-a76d-d3a750c68372	4341983	155691	16533	2022-07-09
2022-07-09 00:35:49.228	2022-07-09 00:35:49.229	74d3c228-3554-40a6-b5f8-944444ebc3ba	1415892	30058	2162	2022-07-09
2022-07-09 00:35:49.231	2022-07-09 00:35:49.232	84683ea8-478f-48b8-8004-cece493fee98	2060865	66684	7037	2022-07-09
2022-07-09 00:35:49.23	2022-07-09 00:35:49.231	df652a57-7728-4e08-8f6d-a44dc2fa64bf	446053	9585	2144	2022-07-09
2022-07-09 00:35:49.234	2022-07-09 00:35:49.235	17d98a07-34f5-4b1e-979e-1ce356994c1f	4054404	98983	11553	2022-07-09
2022-07-09 00:35:49.233	2022-07-09 00:35:49.234	88deded7-0232-4819-9e39-2013dc7cc285	93275	7237	684	2022-07-09
2022-07-09 00:35:49.232	2022-07-09 00:35:49.233	a96de528-48cb-4be2-8100-845ad8fdcb2b	2560033	115614	0	2022-07-09
2022-07-09 00:35:49.233	2022-07-09 00:35:49.234	a4e59c4a-c362-4721-8036-b612d42a3f17	1667975	12398	1213	2022-07-09
2022-07-09 00:35:49.232	2022-07-09 00:35:49.233	0563e9f0-cc42-43f2-9da0-3e9562d0ea71	2665880	85525	5140	2022-07-09
2022-07-09 00:35:49.234	2022-07-09 00:35:49.235	0505a84b-01d7-4716-a7b2-61b70f18c033	4665666	158601	12095	2022-07-09
2022-07-09 00:35:49.235	2022-07-09 00:35:49.236	20d7e49e-782d-4c26-84da-77cacf63fcd6	1369409	35983	1912	2022-07-09
2022-07-09 00:35:49.236	2022-07-09 00:35:49.237	e87d119d-6bd0-4a07-b2c4-ba2cf2516f9e	1636020	60500	6277	2022-07-09
2022-07-09 00:35:49.236	2022-07-09 00:35:49.237	f33dc980-fc6c-48c4-a82b-e3723441fa8b	3147810	33812	4532	2022-07-09
2022-07-09 00:35:49.235	2022-07-09 00:35:49.236	74dd785f-fa76-4251-9f7a-f63d6b37e37b	3475148	77407	5685	2022-07-09
2022-07-09 00:35:49.236	2022-07-09 00:35:49.237	b9c517d4-d6e9-429e-b86b-89383cdcedaa	6045471	173638	24128	2022-07-09
2022-07-09 00:35:49.238	2022-07-09 00:35:49.239	e703f552-72fb-432a-af06-7844bdf34949	6046614	226798	13644	2022-07-09
2022-07-09 00:35:49.238	2022-07-09 00:35:49.239	7b58eba6-3a0c-4034-9bf2-b7016ed5338f	16090549	390412	23708	2022-07-09
2022-07-09 00:35:49.239	2022-07-09 00:35:49.239	d87f51bd-042d-4278-997f-b9f45f28a0bf	2780644	92597	11507	2022-07-09
2022-07-09 00:35:49.237	2022-07-09 00:35:49.238	ec0eb006-91ad-4fe7-b7b7-a883136337e2	1107404	48206	6288	2022-07-09
2022-07-09 00:35:49.239	2022-07-09 00:35:49.24	1c5e8059-55e2-4fba-b4d1-102f910c8bb2	2100293	56661	5171	2022-07-09
2022-07-09 00:35:49.237	2022-07-09 00:35:49.238	f19186ab-e0ab-4e0d-bbd0-5157cd48a497	866575	31480	2699	2022-07-09
2022-07-09 00:35:49.24	2022-07-09 00:35:49.241	ce03228a-e0fb-4bf4-be33-035373d49ed0	5293265	170433	32572	2022-07-09
2022-07-09 00:35:49.239	2022-07-09 00:35:49.24	3e379e98-6601-4435-ab23-dcd434560c22	1597523	26029	2689	2022-07-09
2022-07-09 00:35:49.24	2022-07-09 00:35:49.241	d57d9e2d-c7ab-4ab1-8d59-66d3d8509a8b	3522862	85262	11230	2022-07-09
2022-07-09 00:35:49.241	2022-07-09 00:35:49.242	bfb21ce3-2d6d-4bae-9964-6764a2f13372	10377806	343742	23798	2022-07-09
2022-07-09 00:35:49.242	2022-07-09 00:35:49.243	d53f819c-955a-4ec6-8a14-8b20b3b7d159	869627	20244	2601	2022-07-09
2022-07-09 00:35:49.241	2022-07-09 00:35:49.242	6a77c550-9a4f-409a-8865-6105e2b59379	2790016	121210	12029	2022-07-09
2022-07-09 00:35:49.243	2022-07-09 00:35:49.244	16bf2fec-627c-4a47-9c0e-06ded47b4d60	1025517	36213	2684	2022-07-09
2022-07-09 00:35:49.243	2022-07-09 00:35:49.244	4d02491e-28dc-458e-a012-c76d5a15e496	5384755	168086	21983	2022-07-09
2022-07-09 00:35:49.244	2022-07-09 00:35:49.245	dc865347-8375-43c9-ba67-1bb999f287e8	912870	65269	7604	2022-07-09
2022-07-09 00:35:49.242	2022-07-09 00:35:49.243	c764609e-f0bf-4933-8ddf-6e8e3ddeefc8	688950	18269	3554	2022-07-09
2022-07-09 00:35:49.244	2022-07-09 00:35:49.245	ade20fd1-6743-4000-8140-9fe054fc464b	1567947	43234	5074	2022-07-09
2022-07-09 00:35:49.245	2022-07-09 00:35:49.246	5a6c02a0-8d65-4efb-a3f1-a0bc25c3a9af	145673	11855	1570	2022-07-09
2022-07-09 00:35:49.245	2022-07-09 00:35:49.247	1d5f49b8-a20f-4152-970e-3bfb15afa7e7	797393	27726	3586	2022-07-09
2022-07-09 00:35:49.247	2022-07-09 00:35:49.248	46de8926-9640-4d42-9f40-3088a34b3fd1	446140	6140	4347	2022-07-09
2022-07-09 00:35:49.246	2022-07-09 00:35:49.247	9eab2380-df01-44cf-83a8-dab86a6be4da	408533	7623	508	2022-07-09
2022-07-09 00:35:49.248	2022-07-09 00:35:49.249	b5a112b7-b42b-4e6c-8450-0c5053e7c7a0	550040	19181	2770	2022-07-09
2022-07-09 00:35:49.249	2022-07-09 00:35:49.251	29ed6ff9-653a-4cca-aa4d-b78fe0fd8985	2107208	150298	21671	2022-07-09
2022-07-09 00:35:49.253	2022-07-09 00:35:49.254	9d55d4d4-297d-42a7-aa7d-e04e7871da90	160510	8015	1376	2022-07-09
2022-07-09 00:35:49.247	2022-07-09 00:35:49.248	4762c5df-c703-4b70-b83e-1000114da1f8	188935	7748	539	2022-07-09
2022-07-09 00:35:49.251	2022-07-09 00:35:49.252	bb7d5bb4-10a2-4328-9558-779bcaddb827	8681917	391960	28501	2022-07-09
2022-07-09 00:35:49.248	2022-07-09 00:35:49.249	cc479880-7eac-417f-aa20-2bdb51beba31	28735216	428279	31363	2022-07-09
2022-07-09 00:35:49.251	2022-07-09 00:35:49.251	3182b34b-1a01-4290-9176-a038c4a76524	428856	11771	1226	2022-07-09
2022-07-09 00:35:49.252	2022-07-09 00:35:49.253	b39fa9cc-0c1f-408a-91f0-e3a720a69851	1106718	38370	4308	2022-07-09
2022-07-09 00:35:49.249	2022-07-09 00:35:49.251	02978247-aa5e-4021-9e97-12d1b07a24cc	440004	17090	2637	2022-07-09
2022-07-09 00:35:49.252	2022-07-09 00:35:49.253	145c49ae-4d41-47b3-8c8c-39d54ac3c8ec	3327863	985	144	2022-07-09
2022-07-10 00:43:49.817	2022-07-10 00:43:49.818	fe16bc85-f506-44fd-8fa9-99bf919bacd9	3613529	93165	4636	2022-07-10
2022-07-10 00:43:49.817	2022-07-10 00:43:49.818	ccedb919-a463-4114-9a94-1e8491aa1db6	15492937	203226	9282	2022-07-10
2022-07-10 00:43:49.819	2022-07-10 00:43:49.82	c2d2ba8e-f6dd-407b-aa1e-24bab8888098	1798724	41091	31228	2022-07-10
2022-07-10 00:43:49.818	2022-07-10 00:43:49.819	db09701c-5b3d-425d-b1bf-742c02fe923e	4053034	142314	18971	2022-07-10
2022-07-10 00:43:49.821	2022-07-10 00:43:49.822	81fd3b51-ca00-411e-adcd-1e3b77cbe91b	6155550	213953	8898	2022-07-10
2022-07-10 00:43:49.821	2022-07-10 00:43:49.821	841da886-5f4b-4184-aaa8-89e638159ec6	24088647	823997	42019	2022-07-10
2022-07-10 00:43:49.82	2022-07-10 00:43:49.821	10e77c85-976b-43e9-bb95-65d5d8b92020	2033714	62350	4749	2022-07-10
2022-07-10 00:43:49.825	2022-07-10 00:43:49.826	88a2afc6-3e15-402c-aadc-094c470c35ed	17416634	77263	15281	2022-07-10
2022-07-10 00:43:49.824	2022-07-10 00:43:49.825	884c5d2c-c5ee-4fa2-a516-4f42fb8c9905	1356252	41617	2477	2022-07-10
2022-07-10 00:43:49.824	2022-07-10 00:43:49.826	406d6f96-c05e-4303-a76d-d3a750c68372	4343340	155702	16534	2022-07-10
2022-07-10 00:43:49.822	2022-07-10 00:43:49.823	13eb9117-d884-4b07-ae5b-0987b8208202	15355141	661703	33589	2022-07-10
2022-07-10 00:43:49.826	2022-07-10 00:43:49.827	84683ea8-478f-48b8-8004-cece493fee98	2061950	66708	7037	2022-07-10
2022-07-10 00:43:49.823	2022-07-10 00:43:49.825	74d3c228-3554-40a6-b5f8-944444ebc3ba	1416204	30066	2162	2022-07-10
2022-07-10 00:43:49.825	2022-07-10 00:43:49.826	df652a57-7728-4e08-8f6d-a44dc2fa64bf	446218	9591	2144	2022-07-10
2022-07-10 00:43:49.827	2022-07-10 00:43:49.828	a96de528-48cb-4be2-8100-845ad8fdcb2b	2561508	115637	0	2022-07-10
2022-07-10 00:43:49.829	2022-07-10 00:43:49.83	88deded7-0232-4819-9e39-2013dc7cc285	93375	7238	684	2022-07-10
2022-07-10 00:43:49.829	2022-07-10 00:43:49.83	17d98a07-34f5-4b1e-979e-1ce356994c1f	4056564	99012	11554	2022-07-10
2022-07-10 00:43:49.828	2022-07-10 00:43:49.83	a4e59c4a-c362-4721-8036-b612d42a3f17	1668134	12400	1213	2022-07-10
2022-07-10 00:43:49.827	2022-07-10 00:43:49.829	0563e9f0-cc42-43f2-9da0-3e9562d0ea71	2667485	85548	5141	2022-07-10
2022-07-10 00:43:49.83	2022-07-10 00:43:49.831	0505a84b-01d7-4716-a7b2-61b70f18c033	4673154	158777	12106	2022-07-10
2022-07-10 00:43:49.83	2022-07-10 00:43:49.831	20d7e49e-782d-4c26-84da-77cacf63fcd6	1369716	35987	1913	2022-07-10
2022-07-10 00:43:49.832	2022-07-10 00:43:49.832	f33dc980-fc6c-48c4-a82b-e3723441fa8b	3150397	33851	4537	2022-07-10
2022-07-10 00:43:49.831	2022-07-10 00:43:49.832	e87d119d-6bd0-4a07-b2c4-ba2cf2516f9e	1636912	60524	6278	2022-07-10
2022-07-10 00:43:49.831	2022-07-10 00:43:49.832	74dd785f-fa76-4251-9f7a-f63d6b37e37b	3475510	77415	5685	2022-07-10
2022-07-10 00:43:49.832	2022-07-10 00:43:49.833	b9c517d4-d6e9-429e-b86b-89383cdcedaa	6045914	173639	24127	2022-07-10
2022-07-10 00:43:49.834	2022-07-10 00:43:49.834	e703f552-72fb-432a-af06-7844bdf34949	6052832	226961	13661	2022-07-10
2022-07-10 00:43:49.834	2022-07-10 00:43:49.834	7b58eba6-3a0c-4034-9bf2-b7016ed5338f	16103751	390536	23713	2022-07-10
2022-07-10 00:43:49.834	2022-07-10 00:43:49.835	d87f51bd-042d-4278-997f-b9f45f28a0bf	2781169	92598	11508	2022-07-10
2022-07-10 00:43:49.833	2022-07-10 00:43:49.834	ec0eb006-91ad-4fe7-b7b7-a883136337e2	1107728	48210	6288	2022-07-10
2022-07-10 00:43:49.835	2022-07-10 00:43:49.836	1c5e8059-55e2-4fba-b4d1-102f910c8bb2	2102298	56673	5172	2022-07-10
2022-07-10 00:43:49.833	2022-07-10 00:43:49.834	f19186ab-e0ab-4e0d-bbd0-5157cd48a497	867311	31490	2699	2022-07-10
2022-07-10 00:43:49.835	2022-07-10 00:43:49.836	ce03228a-e0fb-4bf4-be33-035373d49ed0	5297004	170479	32577	2022-07-10
2022-07-10 00:43:49.836	2022-07-10 00:43:49.837	d57d9e2d-c7ab-4ab1-8d59-66d3d8509a8b	3533495	85310	11224	2022-07-10
2022-07-10 00:43:49.835	2022-07-10 00:43:49.836	3e379e98-6601-4435-ab23-dcd434560c22	1597683	26032	2689	2022-07-10
2022-07-10 00:43:49.838	2022-07-10 00:43:49.839	4d02491e-28dc-458e-a012-c76d5a15e496	5387716	168157	21994	2022-07-10
2022-07-10 00:43:49.836	2022-07-10 00:43:49.837	bfb21ce3-2d6d-4bae-9964-6764a2f13372	10378333	343753	23798	2022-07-10
2022-07-10 00:43:49.838	2022-07-10 00:43:49.839	d53f819c-955a-4ec6-8a14-8b20b3b7d159	869769	20249	2601	2022-07-10
2022-07-10 00:43:49.837	2022-07-10 00:43:49.838	6a77c550-9a4f-409a-8865-6105e2b59379	2793121	121291	12033	2022-07-10
2022-07-10 00:43:49.839	2022-07-10 00:43:49.84	dc865347-8375-43c9-ba67-1bb999f287e8	912967	65270	7603	2022-07-10
2022-07-10 00:43:49.837	2022-07-10 00:43:49.839	c764609e-f0bf-4933-8ddf-6e8e3ddeefc8	689966	18274	3557	2022-07-10
2022-07-10 00:43:49.838	2022-07-10 00:43:49.839	16bf2fec-627c-4a47-9c0e-06ded47b4d60	1025870	36221	2686	2022-07-10
2022-07-10 00:43:49.84	2022-07-10 00:43:49.841	5a6c02a0-8d65-4efb-a3f1-a0bc25c3a9af	146073	11862	1572	2022-07-10
2022-07-10 00:43:49.839	2022-07-10 00:43:49.84	ade20fd1-6743-4000-8140-9fe054fc464b	1568014	43234	5075	2022-07-10
2022-07-10 00:43:49.84	2022-07-10 00:43:49.842	1d5f49b8-a20f-4152-970e-3bfb15afa7e7	799354	27755	3591	2022-07-10
2022-07-10 00:43:49.842	2022-07-10 00:43:49.843	46de8926-9640-4d42-9f40-3088a34b3fd1	446609	6144	4349	2022-07-10
2022-07-10 00:43:49.841	2022-07-10 00:43:49.842	9eab2380-df01-44cf-83a8-dab86a6be4da	408704	7624	508	2022-07-10
2022-07-10 00:43:49.843	2022-07-10 00:43:49.844	b5a112b7-b42b-4e6c-8450-0c5053e7c7a0	552084	19203	2744	2022-07-10
2022-07-10 00:43:49.842	2022-07-10 00:43:49.843	4762c5df-c703-4b70-b83e-1000114da1f8	189098	7755	539	2022-07-10
2022-07-10 00:43:49.843	2022-07-10 00:43:49.844	cc479880-7eac-417f-aa20-2bdb51beba31	28765180	428742	31383	2022-07-10
2022-07-10 00:43:49.845	2022-07-10 00:43:49.846	3182b34b-1a01-4290-9176-a038c4a76524	435876	11991	1242	2022-07-10
2022-07-10 00:43:49.844	2022-07-10 00:43:49.845	02978247-aa5e-4021-9e97-12d1b07a24cc	441540	17109	2638	2022-07-10
2022-07-10 00:43:49.844	2022-07-10 00:43:49.845	29ed6ff9-653a-4cca-aa4d-b78fe0fd8985	2107559	150301	21670	2022-07-10
2022-07-10 00:43:49.845	2022-07-10 00:43:49.846	bb7d5bb4-10a2-4328-9558-779bcaddb827	8698573	392356	28491	2022-07-10
2022-07-10 00:43:49.846	2022-07-10 00:43:49.847	b39fa9cc-0c1f-408a-91f0-e3a720a69851	1107327	38381	4300	2022-07-10
2022-07-10 00:43:49.846	2022-07-10 00:43:49.848	145c49ae-4d41-47b3-8c8c-39d54ac3c8ec	3327916	985	145	2022-07-10
2022-07-10 00:43:49.847	2022-07-10 00:43:49.848	9d55d4d4-297d-42a7-aa7d-e04e7871da90	162823	8052	1382	2022-07-10
2022-07-11 00:38:22.492	2022-07-11 00:38:22.493	fe16bc85-f506-44fd-8fa9-99bf919bacd9	3616949	93205	4637	2022-07-11
2022-07-11 00:38:22.492	2022-07-11 00:38:22.494	ccedb919-a463-4114-9a94-1e8491aa1db6	15500508	203301	9284	2022-07-11
2022-07-11 00:38:22.493	2022-07-11 00:38:22.494	db09701c-5b3d-425d-b1bf-742c02fe923e	4055684	142358	18970	2022-07-11
2022-07-11 00:38:22.494	2022-07-11 00:38:22.495	c2d2ba8e-f6dd-407b-aa1e-24bab8888098	1801744	41147	31241	2022-07-11
2022-07-11 00:38:22.497	2022-07-11 00:38:22.498	81fd3b51-ca00-411e-adcd-1e3b77cbe91b	6158623	214013	8902	2022-07-11
2022-07-11 00:38:22.496	2022-07-11 00:38:22.497	841da886-5f4b-4184-aaa8-89e638159ec6	24103506	824298	41994	2022-07-11
2022-07-11 00:38:22.495	2022-07-11 00:38:22.496	10e77c85-976b-43e9-bb95-65d5d8b92020	2035354	62379	4750	2022-07-11
2022-07-11 00:38:22.5	2022-07-11 00:38:22.501	88a2afc6-3e15-402c-aadc-094c470c35ed	17418474	77288	15273	2022-07-11
2022-07-11 00:38:22.5	2022-07-11 00:38:22.501	884c5d2c-c5ee-4fa2-a516-4f42fb8c9905	1357347	41645	2477	2022-07-11
2022-07-11 00:38:22.499	2022-07-11 00:38:22.5	406d6f96-c05e-4303-a76d-d3a750c68372	4344744	155719	16533	2022-07-11
2022-07-11 00:38:22.498	2022-07-11 00:38:22.499	13eb9117-d884-4b07-ae5b-0987b8208202	15404378	662836	33649	2022-07-11
2022-07-11 00:38:22.501	2022-07-11 00:38:22.502	84683ea8-478f-48b8-8004-cece493fee98	2063250	66740	7036	2022-07-11
2022-07-11 00:38:22.499	2022-07-11 00:38:22.5	74d3c228-3554-40a6-b5f8-944444ebc3ba	1416534	30074	2162	2022-07-11
2022-07-11 00:38:22.501	2022-07-11 00:38:22.502	df652a57-7728-4e08-8f6d-a44dc2fa64bf	446379	9591	2144	2022-07-11
2022-07-11 00:38:22.504	2022-07-11 00:38:22.505	a4e59c4a-c362-4721-8036-b612d42a3f17	1668306	12401	1213	2022-07-11
2022-07-11 00:38:22.504	2022-07-11 00:38:22.505	88deded7-0232-4819-9e39-2013dc7cc285	93453	7242	684	2022-07-11
2022-07-11 00:38:22.506	2022-07-11 00:38:22.507	20d7e49e-782d-4c26-84da-77cacf63fcd6	1369984	35988	1913	2022-07-11
2022-07-11 00:38:22.508	2022-07-11 00:38:22.509	ec0eb006-91ad-4fe7-b7b7-a883136337e2	1108097	48215	6288	2022-07-11
2022-07-11 00:38:22.511	2022-07-11 00:38:22.512	d57d9e2d-c7ab-4ab1-8d59-66d3d8509a8b	3543884	85371	11226	2022-07-11
2022-07-11 00:38:22.513	2022-07-11 00:38:22.514	c764609e-f0bf-4933-8ddf-6e8e3ddeefc8	690932	18281	3557	2022-07-11
2022-07-11 00:38:22.518	2022-07-11 00:38:22.519	46de8926-9640-4d42-9f40-3088a34b3fd1	447215	6146	4350	2022-07-11
2022-07-11 00:38:22.52	2022-07-11 00:38:22.521	29ed6ff9-653a-4cca-aa4d-b78fe0fd8985	2107955	150303	21672	2022-07-11
2022-07-11 00:38:22.526	2022-07-11 00:38:22.528	9d55d4d4-297d-42a7-aa7d-e04e7871da90	165259	8084	1388	2022-07-11
2022-07-11 00:38:22.503	2022-07-11 00:38:22.504	a96de528-48cb-4be2-8100-845ad8fdcb2b	2562998	115653	0	2022-07-11
2022-07-11 00:38:22.506	2022-07-11 00:38:22.507	74dd785f-fa76-4251-9f7a-f63d6b37e37b	3475934	77417	5684	2022-07-11
2022-07-11 00:38:22.509	2022-07-11 00:38:22.51	7b58eba6-3a0c-4034-9bf2-b7016ed5338f	16116248	390680	23716	2022-07-11
2022-07-11 00:38:22.511	2022-07-11 00:38:22.512	ce03228a-e0fb-4bf4-be33-035373d49ed0	5300808	170531	32580	2022-07-11
2022-07-11 00:38:22.513	2022-07-11 00:38:22.514	d53f819c-955a-4ec6-8a14-8b20b3b7d159	869890	20251	2601	2022-07-11
2022-07-11 00:38:22.515	2022-07-11 00:38:22.516	ade20fd1-6743-4000-8140-9fe054fc464b	1568090	43235	5075	2022-07-11
2022-07-11 00:38:22.519	2022-07-11 00:38:22.52	cc479880-7eac-417f-aa20-2bdb51beba31	28795923	429186	31428	2022-07-11
2022-07-11 00:38:22.524	2022-07-11 00:38:22.525	145c49ae-4d41-47b3-8c8c-39d54ac3c8ec	3327961	985	145	2022-07-11
2022-07-11 00:38:22.505	2022-07-11 00:38:22.506	17d98a07-34f5-4b1e-979e-1ce356994c1f	4058770	99044	11555	2022-07-11
2022-07-11 00:38:22.507	2022-07-11 00:38:22.508	f33dc980-fc6c-48c4-a82b-e3723441fa8b	3152528	33878	4540	2022-07-11
2022-07-11 00:38:22.508	2022-07-11 00:38:22.509	f19186ab-e0ab-4e0d-bbd0-5157cd48a497	867936	31493	2699	2022-07-11
2022-07-11 00:38:22.512	2022-07-11 00:38:22.513	bfb21ce3-2d6d-4bae-9964-6764a2f13372	10378942	343758	23798	2022-07-11
2022-07-11 00:38:22.514	2022-07-11 00:38:22.515	4d02491e-28dc-458e-a012-c76d5a15e496	5390629	168239	22004	2022-07-11
2022-07-11 00:38:22.516	2022-07-11 00:38:22.517	1d5f49b8-a20f-4152-970e-3bfb15afa7e7	801407	27783	3590	2022-07-11
2022-07-11 00:38:22.519	2022-07-11 00:38:22.52	b5a112b7-b42b-4e6c-8450-0c5053e7c7a0	553847	19213	2759	2022-07-11
2022-07-11 00:38:22.521	2022-07-11 00:38:22.522	3182b34b-1a01-4290-9176-a038c4a76524	445040	12243	1255	2022-07-11
2022-07-11 00:38:22.503	2022-07-11 00:38:22.504	0563e9f0-cc42-43f2-9da0-3e9562d0ea71	2669122	85577	5145	2022-07-11
2022-07-11 00:38:22.507	2022-07-11 00:38:22.508	e87d119d-6bd0-4a07-b2c4-ba2cf2516f9e	1637674	60544	6282	2022-07-11
2022-07-11 00:38:22.509	2022-07-11 00:38:22.51	e703f552-72fb-432a-af06-7844bdf34949	6059290	227120	13670	2022-07-11
2022-07-11 00:38:22.51	2022-07-11 00:38:22.511	1c5e8059-55e2-4fba-b4d1-102f910c8bb2	2104437	56685	5172	2022-07-11
2022-07-11 00:38:22.512	2022-07-11 00:38:22.513	6a77c550-9a4f-409a-8865-6105e2b59379	2796355	121383	12033	2022-07-11
2022-07-11 00:38:22.515	2022-07-11 00:38:22.516	dc865347-8375-43c9-ba67-1bb999f287e8	913066	65272	7603	2022-07-11
2022-07-11 00:38:22.516	2022-07-11 00:38:22.517	5a6c02a0-8d65-4efb-a3f1-a0bc25c3a9af	146537	11873	1569	2022-07-11
2022-07-11 00:38:22.518	2022-07-11 00:38:22.519	4762c5df-c703-4b70-b83e-1000114da1f8	189269	7764	539	2022-07-11
2022-07-11 00:38:22.521	2022-07-11 00:38:22.522	bb7d5bb4-10a2-4328-9558-779bcaddb827	8714946	392769	28508	2022-07-11
2022-07-11 00:38:22.522	2022-07-11 00:38:22.525	b39fa9cc-0c1f-408a-91f0-e3a720a69851	1107895	38385	4302	2022-07-11
2022-07-11 00:38:22.505	2022-07-11 00:38:22.506	0505a84b-01d7-4716-a7b2-61b70f18c033	4680033	158943	12116	2022-07-11
2022-07-11 00:38:22.507	2022-07-11 00:38:22.508	b9c517d4-d6e9-429e-b86b-89383cdcedaa	6046349	173642	24127	2022-07-11
2022-07-11 00:38:22.51	2022-07-11 00:38:22.51	d87f51bd-042d-4278-997f-b9f45f28a0bf	2781698	92602	11506	2022-07-11
2022-07-11 00:38:22.51	2022-07-11 00:38:22.511	3e379e98-6601-4435-ab23-dcd434560c22	1597825	26034	2688	2022-07-11
2022-07-11 00:38:22.514	2022-07-11 00:38:22.515	16bf2fec-627c-4a47-9c0e-06ded47b4d60	1026225	36223	2688	2022-07-11
2022-07-11 00:38:22.517	2022-07-11 00:38:22.518	9eab2380-df01-44cf-83a8-dab86a6be4da	408888	7627	508	2022-07-11
2022-07-11 00:38:22.52	2022-07-11 00:38:22.521	02978247-aa5e-4021-9e97-12d1b07a24cc	443025	17136	2660	2022-07-11
\.


--
-- Data for Name: Trailer; Type: TABLE DATA; Schema: public; Owner: game-trailer
--

COPY public."Trailer" (id, "createdAt", "updatedAt", "gameTitle", "gameUrl", "releaseDate", "youtubeId", "trailerTitle", "trailerUrl", "trailerPublishedAt", "trailerChannelTitle") FROM stdin;
88deded7-0232-4819-9e39-2013dc7cc285	2022-05-30 17:05:40.64	2022-07-11 00:38:22.505	The Outer Worlds 2	https://outerworlds2.obsidian.net/	\N	AQt-NjR-a3k	The Outer Worlds 2 Announcement Teaser Trailer	https://www.youtube.com/watch?v=AQt-NjR-a3k	2021-06-13 18:04:44	Obsidian Entertainment
17d98a07-34f5-4b1e-979e-1ce356994c1f	2022-05-30 17:05:40.64	2022-07-11 00:38:22.506	Final Fantasy XVI	https://finalfantasyxvi.com/	\N	yr6PtdY0i7M	Final Fantasy XVI - Awakening Trailer | PS5	https://www.youtube.com/watch?v=yr6PtdY0i7M	2020-09-16 20:13:43	PlayStation
0505a84b-01d7-4716-a7b2-61b70f18c033	2022-05-30 17:05:40.64	2022-07-11 00:38:22.506	Star Wars: Knights of the Old Republic Remake	https://www.aspyr.com/starwars	\N	lL-RfE-ioJ8	Star Wars: Knights of the Old Republic Remake - PlayStation Showcase 2021 Trailer | PS5	https://www.youtube.com/watch?v=lL-RfE-ioJ8	2021-09-09 20:06:31	PlayStation
f33dc980-fc6c-48c4-a82b-e3723441fa8b	2022-05-30 17:05:40.647	2022-07-11 00:38:22.508	Skull and Bones	https://www.ubisoft.com/en-us/game/skull-and-bones	\N	_9YYYVG0YQI	Skull and Bones: E3 2017 Cinematic Announcement Trailer | Ubisoft [NA]	https://www.youtube.com/watch?v=_9YYYVG0YQI	2017-06-12 20:36:23	Ubisoft North America
e87d119d-6bd0-4a07-b2c4-ba2cf2516f9e	2022-05-30 17:05:40.647	2022-07-11 00:38:22.508	Project Eve	http://eve.shiftup.co.kr	\N	3X3JR3pG0I8	Project Eve - PlayStation Showcase 2021: First Trailer | PS5	https://www.youtube.com/watch?v=3X3JR3pG0I8	2021-09-09 20:11:09	PlayStation
b9c517d4-d6e9-429e-b86b-89383cdcedaa	2022-05-30 17:05:40.647	2022-07-11 00:38:22.508	Overwatch 2	https://overwatch2.playoverwatch.com	\N	dZl1yGUetjI	Overwatch 2 Gameplay Trailer	https://www.youtube.com/watch?v=dZl1yGUetjI	2019-11-01 19:19:18	PlayOverwatch
f19186ab-e0ab-4e0d-bbd0-5157cd48a497	2022-05-30 17:05:40.648	2022-07-11 00:38:22.509	F1 22	https://www.ea.com/games/f1/f1-22	2022-07-01	K5RLRoRWUds	F1 22 | Announce Trailer	https://www.youtube.com/watch?v=K5RLRoRWUds	2022-04-21 14:58:59	F1 Games From Codemasters
ec0eb006-91ad-4fe7-b7b7-a883136337e2	2022-05-30 17:05:40.648	2022-07-11 00:38:22.509	Dead Space Remake	https://www.ea.com/games/dead-space	2023-01-27	l5WeBNfX-og	Dead Space Official Teaser Trailer  EA Play Live 2021	https://www.youtube.com/watch?v=l5WeBNfX-og	2021-07-22 17:54:27	Dead Space
e703f552-72fb-432a-af06-7844bdf34949	2022-05-31 18:23:03.772	2022-07-11 00:38:22.51	STAR WARS Jedi: Survivor	https://www.starwars.com/games-apps/star-wars-jedi-survivor	\N	4HLDaBGdnLc	Star Wars Jedi: Survivor - Official Teaser	https://www.youtube.com/watch?v=4HLDaBGdnLc	2022-05-27 21:02:00	EA Star Wars
7b58eba6-3a0c-4034-9bf2-b7016ed5338f	2022-05-31 18:23:03.772	2022-07-11 00:38:22.51	Star Wars Eclipse	https://www.starwarseclipse.com/	\N	4cJpiOPKH14	Star Wars Eclipse  Official Cinematic Reveal Trailer	https://www.youtube.com/watch?v=4cJpiOPKH14	2021-12-10 01:19:09	Star Wars
4d02491e-28dc-458e-a012-c76d5a15e496	2022-06-02 20:15:23.853	2022-07-11 00:38:22.515	Hollow Knight: Silksong	https://www.hollowknightsilksong.com/	\N	yQxwbZsL14Y	Hollow Knight: Silksong - Announcement Trailer - Nintendo Switch	https://www.youtube.com/watch?v=yQxwbZsL14Y	2019-02-14 14:00:08	Nintendo
dc865347-8375-43c9-ba67-1bb999f287e8	2022-06-02 20:15:23.853	2022-07-11 00:38:22.516	Victoria 3	https://www.victoria3game.com	\N	siZXs4d5Gqg	Victoria 3 - Announcement Trailer	https://www.youtube.com/watch?v=siZXs4d5Gqg	2021-05-21 18:45:32	Paradox Interactive
ade20fd1-6743-4000-8140-9fe054fc464b	2022-06-02 20:15:23.854	2022-07-11 00:38:22.516	Vampire: The Masquerade - Bloodlines 2	https://www.bloodlines2.com/	\N	SYvWfDxhm_s	Vampire: The Masquerade - Bloodlines 2 - Announcement Trailer (ESRB)	https://www.youtube.com/watch?v=SYvWfDxhm_s	2019-03-22 03:30:37	Paradox Interactive
5a6c02a0-8d65-4efb-a3f1-a0bc25c3a9af	2022-06-03 08:38:40.796	2022-07-11 00:38:22.517	Resident Evil 4 Remake	https://www.residentevil.com/re4/	2023-03-24	rcFarJACzx0	Resident Evil 4 - Announcement Trailer	https://www.youtube.com/watch?v=rcFarJACzx0	2022-06-02 22:56:24	Resident Evil
9eab2380-df01-44cf-83a8-dab86a6be4da	2022-06-03 08:38:40.796	2022-07-11 00:38:22.518	The Callisto Protocol	https://www.callistothegame.com	2022-12-02	WnVhgyLbC8A	The Callisto Protocol - Cinematic Trailer Reveal	https://www.youtube.com/watch?v=WnVhgyLbC8A	2020-12-11 00:30:54	The Callisto Protocol
4762c5df-c703-4b70-b83e-1000114da1f8	2022-06-07 05:33:23.628	2022-07-11 00:38:22.519	Eternights	https://www.studiosai.dev/eternights	\N	YkN-2gUUmc8	Eternights - State of Play June 2022 Reveal Trailer | PS5 & PS4 Games	https://www.youtube.com/watch?v=YkN-2gUUmc8	2022-06-02 22:18:31	PlayStation
cc479880-7eac-417f-aa20-2bdb51beba31	2022-06-09 08:55:56.932	2022-07-11 00:38:22.52	Call of Duty: Modern Warfare II	https://www.callofduty.com/modernwarfare2	2022-10-28	r72GP1PIZa0	Call of Duty: Modern Warfare II - World Gameplay Reveal Trailer	https://www.youtube.com/watch?v=r72GP1PIZa0	2022-06-08 17:00:57	Call of Duty
29ed6ff9-653a-4cca-aa4d-b78fe0fd8985	2022-06-28 12:54:04.057	2022-07-11 00:38:22.521	S.T.A.L.K.E.R 2	https://www.stalker2.com/	\N	ZNLaKOlXVvw	S.T.A.L.K.E.R. 2:      	https://www.youtube.com/watch?v=ZNLaKOlXVvw	2021-06-13 17:18:01	GSC Game World
bb7d5bb4-10a2-4328-9558-779bcaddb827	2022-06-28 16:28:11.819	2022-07-11 00:38:22.522	Minecraft Legends	https://www.minecraft.net/about-legends	\N	1JSjZqV-YK8	Minecraft Legends  Announce Trailer	https://www.youtube.com/watch?v=1JSjZqV-YK8	2022-06-12 17:46:13	Minecraft
145c49ae-4d41-47b3-8c8c-39d54ac3c8ec	2022-06-28 17:05:04.133	2022-07-11 00:38:22.525	Disney Dreamlight Valley	https://disneydreamlightvalley.com	2022-09-06	KUl5sWbOinY	Disney Dreamlight Valley  Announcement Trailer	https://www.youtube.com/watch?v=KUl5sWbOinY	2022-04-27 16:00:31	Disney Dreamlight Valley
c2d2ba8e-f6dd-407b-aa1e-24bab8888098	2022-05-30 14:24:06.907	2022-07-11 00:38:22.495	Saints Row	https://saintsrow.com	2022-08-23	YgjzDJA1o1E	SAINTS ROW Official Announce Trailer	https://www.youtube.com/watch?v=YgjzDJA1o1E	2021-08-25 18:08:41	Saints Row
db09701c-5b3d-425d-b1bf-742c02fe923e	2022-05-29 16:55:22.41	2022-07-11 00:38:22.494	Pokemon Scarlet and Violet	https://scarletviolet.pokemon.com	2022-11-18	MAmueMsFR1o	Pokmon Scarlet and Pokmon Violet | Announcement Trailer	https://www.youtube.com/watch?v=MAmueMsFR1o	2022-02-27 14:28:09	The Official Pokmon YouTube channel
841da886-5f4b-4184-aaa8-89e638159ec6	2022-06-05 09:02:03.926	2022-07-11 00:38:22.497	Marvel's Spider-Man 2	https://insomniac.games/game/marvels-spider-man-2	\N	qIQ3xNqkVC4	Marvel's Spider-Man 2 - PlayStation Showcase 2021: Reveal Trailer | PS5	https://www.youtube.com/watch?v=qIQ3xNqkVC4	2021-09-09 20:39:50	PlayStation
81fd3b51-ca00-411e-adcd-1e3b77cbe91b	2022-05-30 14:22:54.409	2022-07-11 00:38:22.498	Marvel's Wolverine	https://insomniac.games/game/marvels-wolverine	\N	Zcj9AzHv_l8	Marvel's Wolverine - PlayStation Showcase 2021: Announcement Teaser Trailer | PS5	https://www.youtube.com/watch?v=Zcj9AzHv_l8	2021-09-09 21:13:51	PlayStation
a96de528-48cb-4be2-8100-845ad8fdcb2b	2022-05-30 17:05:40.641	2022-07-11 00:38:22.504	Sonic Frontiers	https://asia.sega.com/SonicFrontiers/en/	\N	RRkKZG1z9PY	Sonic Frontiers - Announce Trailer	https://www.youtube.com/watch?v=RRkKZG1z9PY	2021-12-10 02:14:12	Sonic the Hedgehog
0563e9f0-cc42-43f2-9da0-3e9562d0ea71	2022-05-30 17:05:40.642	2022-07-11 00:38:22.504	Marvel's Midnight Suns	https://midnightsuns.2k.com	2022-10-07	Ripgh8W2PMg	Marvels Midnight Suns | Announcement Trailer	https://www.youtube.com/watch?v=Ripgh8W2PMg	2021-08-25 21:00:08	Marvel Entertainment
20d7e49e-782d-4c26-84da-77cacf63fcd6	2022-05-30 17:05:40.648	2022-07-11 00:38:22.507	Horizon Call of the Mountain	https://www.playstation.com/games/horizon-call-of-the-mountain/	\N	yPNn-jwAC9c	Horizon Call of the Mountain - Teaser Trailer	https://www.youtube.com/watch?v=yPNn-jwAC9c	2022-01-05 01:30:41	PlayStation
74dd785f-fa76-4251-9f7a-f63d6b37e37b	2022-05-30 17:05:40.648	2022-07-11 00:38:22.507	Pragmata	https://news.capcomusa.com/2020/06/11/announcing-pragmata-a-brand-new-game-from-capcom-launching-2022/	\N	xoxCboik0Is	Pragmata - Announcement Trailer | PS5	https://www.youtube.com/watch?v=xoxCboik0Is	2020-06-11 21:40:48	PlayStation
d87f51bd-042d-4278-997f-b9f45f28a0bf	2022-05-31 18:23:03.772	2022-07-11 00:38:22.51	Warhammer 40,000: Darktide	https://www.playdarktide.com/	2022-09-13	e-UifdRoC8I	Warhammer 40,000: Darktide - Official Gameplay Trailer	https://www.youtube.com/watch?v=e-UifdRoC8I	2020-12-11 00:34:01	Fatshark
1c5e8059-55e2-4fba-b4d1-102f910c8bb2	2022-05-31 18:23:03.772	2022-07-11 00:38:22.511	Mario Strikers: Battle League Football	https://www.nintendo.com/store/products/mario-strikers-battle-league-switch/	2022-06-10	cLAzzYz92r4	Mario Strikers: Battle League - Announcement Trailer - Nintendo Switch	https://www.youtube.com/watch?v=cLAzzYz92r4	2022-02-09 22:08:07	Nintendo
3e379e98-6601-4435-ab23-dcd434560c22	2022-05-31 18:23:03.772	2022-07-11 00:38:22.511	Warhammer 40,000: SPACE MARINE 2	https://www.focus-entmt.com/en/games/warhammer-40000-space-marine-2	\N	TgxVQRTXtz0	Warhammer 40,000: SPACE MARINE 2  World Premiere Reveal | The Game Awards 2021	https://www.youtube.com/watch?v=TgxVQRTXtz0	2021-12-10 02:40:44	Focus Entertainment
6a77c550-9a4f-409a-8865-6105e2b59379	2022-05-31 18:36:44.885	2022-07-11 00:38:22.513	Slime Rancher 2	http://slimerancher.com/	\N	ehh3m59vbA0	Slime Rancher 2 Official Announcement Trailer	https://www.youtube.com/watch?v=ehh3m59vbA0	2021-06-13 17:50:32	Monomi Park
d53f819c-955a-4ec6-8a14-8b20b3b7d159	2022-06-02 18:54:46.529	2022-07-11 00:38:22.514	Avowed	https://avowed.obsidian.net/	\N	YS8n-pZQWWc	Avowed - Reveal Trailer	https://www.youtube.com/watch?v=YS8n-pZQWWc	2020-07-23 16:29:21	Obsidian Entertainment
16bf2fec-627c-4a47-9c0e-06ded47b4d60	2022-06-02 20:15:23.853	2022-07-11 00:38:22.515	Perfect Dark	https://www.xbox.com/games/perfect-dark	\N	S--lFTxAVs8	Perfect Dark - Official Announce Trailer - The Game Awards 2020	https://www.youtube.com/watch?v=S--lFTxAVs8	2020-12-11 00:16:24	Xbox
1d5f49b8-a20f-4152-970e-3bfb15afa7e7	2022-06-03 08:38:40.796	2022-07-11 00:38:22.517	Street Fighter 6	https://www.streetfighter.com/6	\N	GZud-p0QRvA	Street Fighter 6 - Announce Trailer	https://www.youtube.com/watch?v=GZud-p0QRvA	2022-06-02 22:36:01	Capcom USA
46de8926-9640-4d42-9f40-3088a34b3fd1	2022-06-05 08:40:29.616	2022-07-11 00:38:22.519	Tom Clancy's Ghost Recon Frontline	https://www.ubisoft.com/en-us/game/ghost-recon/frontline	\N	7NewkthNMDE	Tom Clancy's Ghost Recon Frontline: Reveal Trailer | Ubisoft [NA]	https://www.youtube.com/watch?v=7NewkthNMDE	2021-10-05 17:30:01	Ubisoft North America
b5a112b7-b42b-4e6c-8450-0c5053e7c7a0	2022-06-17 09:25:13.189	2022-07-11 00:38:22.52	Final Fantasy VII - REBIRTH	https://www.square-enix-games.com/news/final-fantasy-vii-rebirth	\N	H_4CkyOmuuU	FINAL FANTASY VII REBIRTH  First Look Trailer	https://www.youtube.com/watch?v=H_4CkyOmuuU	2022-06-16 22:18:09	FINAL FANTASY
02978247-aa5e-4021-9e97-12d1b07a24cc	2022-06-17 09:30:03.553	2022-07-11 00:38:22.521	CRISIS CORE FINAL FANTASY VII REUNION		\N	RjXBCaZexK4	CRISIS CORE -FINAL FANTASY VII- REUNION Announcement Trailer	https://www.youtube.com/watch?v=RjXBCaZexK4	2022-06-16 22:15:28	FINAL FANTASY
3182b34b-1a01-4290-9176-a038c4a76524	2022-06-28 17:05:04.132	2022-07-11 00:38:22.522	HARVESTELLA	https://harvestella.square-enix-games.com	2022-11-04	5Yd3tzhN99E	HARVESTELLA  Announce Trailer	https://www.youtube.com/watch?v=5Yd3tzhN99E	2022-06-28 13:26:40	Square Enix
b39fa9cc-0c1f-408a-91f0-e3a720a69851	2022-06-28 17:05:04.139	2022-07-11 00:38:22.525	Return to Monkey Island	https://returntomonkeyisland.com/	\N	sahskKAxSCY	Return to Monkey Island | Coming 2022	https://www.youtube.com/watch?v=sahskKAxSCY	2022-04-04 14:59:46	DevolverDigital
9d55d4d4-297d-42a7-aa7d-e04e7871da90	2022-06-28 17:05:04.139	2022-07-11 00:38:22.527	PAC-MAN WORLD Re-PAC		2022-08-26	m88oPZTx7rI	PAC-MAN WORLD Re-PAC - Announcement Trailer	https://www.youtube.com/watch?v=m88oPZTx7rI	2022-06-28 13:30:12	Bandai Namco Entertainment America
fe16bc85-f506-44fd-8fa9-99bf919bacd9	2022-05-28 18:13:14.03	2022-07-11 00:38:22.493	Stray	https://stray.game/	2022-07-19	u84hRUQlaio	Stray - Teaser Trailer | PS5	https://www.youtube.com/watch?v=u84hRUQlaio	2020-06-11 20:32:30	PlayStation
ccedb919-a463-4114-9a94-1e8491aa1db6	2022-05-29 13:36:10.929	2022-07-11 00:38:22.494	Avatar: Frontiers of Pandora	https://www.ubisoft.com/en-us/game/avatar-frontiers-of-pandora	\N	Axmg1E4HrVE	Avatar: Frontiers of Pandora  First Look Trailer	https://www.youtube.com/watch?v=Axmg1E4HrVE	2021-06-12 20:05:41	Ubisoft
10e77c85-976b-43e9-bb95-65d5d8b92020	2022-05-30 14:22:54.41	2022-07-11 00:38:22.496	Forspoken	https://forspoken.square-enix-games.com	2022-10-11	AdZUrXCqUck	Forspoken - PlayStation Showcase 2021: Story Introduction Trailer | PS5	https://www.youtube.com/watch?v=AdZUrXCqUck	2021-09-09 20:16:10	PlayStation
74d3c228-3554-40a6-b5f8-944444ebc3ba	2022-05-30 17:05:40.642	2022-07-11 00:38:22.5	Hogwarts Legacy	https://www.hogwartslegacy.com	\N	BsC-Rl9GYy0	Hogwarts Legacy  Official 4K Reveal Trailer	https://www.youtube.com/watch?v=BsC-Rl9GYy0	2020-09-16 20:16:28	Hogwarts Legacy
88a2afc6-3e15-402c-aadc-094c470c35ed	2022-05-30 17:05:40.64	2022-07-11 00:38:22.501	Starfield	https://bethesda.net/game/starfield	2022-11-11	pYqyVpCV-3c	Starfield: Official Teaser Trailer	https://www.youtube.com/watch?v=pYqyVpCV-3c	2021-06-13 17:07:32	Bethesda Softworks
406d6f96-c05e-4303-a76d-d3a750c68372	2022-05-30 17:05:40.64	2022-07-11 00:38:22.5	Gotham Knights	https://www.gothamknightsgame.com	2022-10-25	IhVf_3TeTQE	Gotham Knights -WorldPremiereTrailer	https://www.youtube.com/watch?v=IhVf_3TeTQE	2020-08-22 17:34:48	DC
884c5d2c-c5ee-4fa2-a516-4f42fb8c9905	2022-05-30 17:05:40.64	2022-07-11 00:38:22.501	Fable	https://www.xbox.com/games/fable	\N	oVkSZXPklQ4	Fable - Official Announce Trailer	https://www.youtube.com/watch?v=oVkSZXPklQ4	2020-07-23 17:01:53	Xbox
13eb9117-d884-4b07-ae5b-0987b8208202	2022-05-30 14:22:54.409	2022-07-11 00:38:22.499	God of War Ragnark	https://playstation.com/games/god-of-war-ragnarok	\N	EE-4GvjKcfs	God Of War Ragnarok - PlayStation Showcase 2021 Reveal Trailer | PS5	https://www.youtube.com/watch?v=EE-4GvjKcfs	2021-09-09 21:08:35	PlayStation
84683ea8-478f-48b8-8004-cece493fee98	2022-05-30 17:05:40.64	2022-07-11 00:38:22.502	ARK II	http://www.studiowildcard.com/	\N	RG2aOpCQQSA	ARK 2 Announcement Teaser	https://www.youtube.com/watch?v=RG2aOpCQQSA	2020-12-13 05:52:27	ARK: Survival Evolved
df652a57-7728-4e08-8f6d-a44dc2fa64bf	2022-05-30 17:05:40.64	2022-07-11 00:38:22.502	Redfall	https://bethesda.net/game/redfall	\N	3pWjcqXnP2g	Redfall - Official Announce Trailer - Xbox & Bethesda Games Showcase 2021	https://www.youtube.com/watch?v=3pWjcqXnP2g	2021-06-13 18:23:53	Bethesda Softworks
a4e59c4a-c362-4721-8036-b612d42a3f17	2022-05-30 17:05:40.641	2022-07-11 00:38:22.505	A Plague Tale: Requiem	https://www.asobostudio.com/games/plague-tale-requiem	\N	Y-Q5wHtguZI	[E3 2021] A Plague Tale: Requiem - Reveal Trailer	https://www.youtube.com/watch?v=Y-Q5wHtguZI	2021-06-13 21:01:14	Focus Entertainment
ce03228a-e0fb-4bf4-be33-035373d49ed0	2022-05-31 18:23:03.772	2022-07-11 00:38:22.512	Splatoon 3	https://www.nintendo.com/store/products/splatoon-3-switch/	2022-09-09	GUYDXVDLmns	Splatoon 3 - Announcement Trailer - Nintendo Switch	https://www.youtube.com/watch?v=GUYDXVDLmns	2021-02-17 22:53:53	Nintendo
d57d9e2d-c7ab-4ab1-8d59-66d3d8509a8b	2022-05-31 18:23:03.771	2022-07-11 00:38:22.512	Mario + Rabbids Sparks of Hope	https://www.ubisoft.com/en-us/game/mario-rabbids/sparks-of-hope	2022-10-20	VHIuHMv3t88	Mario + Rabbids Sparks of Hope - Cinematic World Premiere Trailer - Nintendo Switch	https://www.youtube.com/watch?v=VHIuHMv3t88	2021-06-12 20:13:07	Nintendo
bfb21ce3-2d6d-4bae-9964-6764a2f13372	2022-05-31 18:23:03.772	2022-07-11 00:38:22.513	Suicide Squad: Kill the Justice League	https://www.suicidesquadgame.com	\N	2EVFYstVuVk	Suicide Squad: Kill the Justice League Official Teaser Trailer	https://www.youtube.com/watch?v=2EVFYstVuVk	2020-08-23 00:19:51	DC
c764609e-f0bf-4933-8ddf-6e8e3ddeefc8	2022-06-02 18:19:15.386	2022-07-11 00:38:22.514	Madden NFL 23	https://www.ea.com/games/madden-nfl/madden-nfl-23	2022-08-19	Qv6G_w8RUOo	Madden 23 Official Reveal Trailer | Introducing FieldSENSE	https://www.youtube.com/watch?v=Qv6G_w8RUOo	2022-06-02 13:58:24	EA SPORTS MADDEN NFL
\.


--
-- Data for Name: _CategoryToTrailer; Type: TABLE DATA; Schema: public; Owner: game-trailer
--

COPY public."_CategoryToTrailer" ("A", "B") FROM stdin;
deaf7d16-5018-42e5-a5ef-9f3bed0f1947	fe16bc85-f506-44fd-8fa9-99bf919bacd9
50e618ad-07ba-4de5-b04d-5511cd1fe40d	fe16bc85-f506-44fd-8fa9-99bf919bacd9
2dd8fe4e-b4fe-4827-8b71-23709ca98db9	fe16bc85-f506-44fd-8fa9-99bf919bacd9
76e03a5e-af73-4a76-b235-2fe1ff44ce5f	fe16bc85-f506-44fd-8fa9-99bf919bacd9
5c9fc01b-d6b2-4a5f-9205-a860f6671ba3	fe16bc85-f506-44fd-8fa9-99bf919bacd9
deaf7d16-5018-42e5-a5ef-9f3bed0f1947	ccedb919-a463-4114-9a94-1e8491aa1db6
2dd8fe4e-b4fe-4827-8b71-23709ca98db9	ccedb919-a463-4114-9a94-1e8491aa1db6
5c9fc01b-d6b2-4a5f-9205-a860f6671ba3	ccedb919-a463-4114-9a94-1e8491aa1db6
fc9c1514-324d-4dcb-97dd-9ce5e242d28b	ccedb919-a463-4114-9a94-1e8491aa1db6
6ef235e2-e990-4c62-bfbb-e7d98416adf2	db09701c-5b3d-425d-b1bf-742c02fe923e
deaf7d16-5018-42e5-a5ef-9f3bed0f1947	10e77c85-976b-43e9-bb95-65d5d8b92020
2dd8fe4e-b4fe-4827-8b71-23709ca98db9	81fd3b51-ca00-411e-adcd-1e3b77cbe91b
50e618ad-07ba-4de5-b04d-5511cd1fe40d	10e77c85-976b-43e9-bb95-65d5d8b92020
5c9fc01b-d6b2-4a5f-9205-a860f6671ba3	81fd3b51-ca00-411e-adcd-1e3b77cbe91b
ac966fab-437e-4cc3-a116-70d0ffb75172	10e77c85-976b-43e9-bb95-65d5d8b92020
99f922a5-247d-4e9c-81d4-8e5f2e5d713e	10e77c85-976b-43e9-bb95-65d5d8b92020
2dd8fe4e-b4fe-4827-8b71-23709ca98db9	10e77c85-976b-43e9-bb95-65d5d8b92020
5c9fc01b-d6b2-4a5f-9205-a860f6671ba3	10e77c85-976b-43e9-bb95-65d5d8b92020
2dd8fe4e-b4fe-4827-8b71-23709ca98db9	13eb9117-d884-4b07-ae5b-0987b8208202
5c9fc01b-d6b2-4a5f-9205-a860f6671ba3	13eb9117-d884-4b07-ae5b-0987b8208202
76e03a5e-af73-4a76-b235-2fe1ff44ce5f	13eb9117-d884-4b07-ae5b-0987b8208202
deaf7d16-5018-42e5-a5ef-9f3bed0f1947	c2d2ba8e-f6dd-407b-aa1e-24bab8888098
ac966fab-437e-4cc3-a116-70d0ffb75172	c2d2ba8e-f6dd-407b-aa1e-24bab8888098
2dd8fe4e-b4fe-4827-8b71-23709ca98db9	c2d2ba8e-f6dd-407b-aa1e-24bab8888098
76e03a5e-af73-4a76-b235-2fe1ff44ce5f	c2d2ba8e-f6dd-407b-aa1e-24bab8888098
5c9fc01b-d6b2-4a5f-9205-a860f6671ba3	c2d2ba8e-f6dd-407b-aa1e-24bab8888098
fc9c1514-324d-4dcb-97dd-9ce5e242d28b	c2d2ba8e-f6dd-407b-aa1e-24bab8888098
50144172-8243-4eb4-8845-2e856ce7f207	c2d2ba8e-f6dd-407b-aa1e-24bab8888098
c70ad49b-714f-40c3-a454-ba2d15d73fa1	c2d2ba8e-f6dd-407b-aa1e-24bab8888098
9e4aa91b-df63-46ae-a3c1-650381f91ba2	c2d2ba8e-f6dd-407b-aa1e-24bab8888098
c70ad49b-714f-40c3-a454-ba2d15d73fa1	ccedb919-a463-4114-9a94-1e8491aa1db6
9e4aa91b-df63-46ae-a3c1-650381f91ba2	ccedb919-a463-4114-9a94-1e8491aa1db6
2dd8fe4e-b4fe-4827-8b71-23709ca98db9	17d98a07-34f5-4b1e-979e-1ce356994c1f
2dd8fe4e-b4fe-4827-8b71-23709ca98db9	0505a84b-01d7-4716-a7b2-61b70f18c033
5c9fc01b-d6b2-4a5f-9205-a860f6671ba3	0505a84b-01d7-4716-a7b2-61b70f18c033
5c9fc01b-d6b2-4a5f-9205-a860f6671ba3	17d98a07-34f5-4b1e-979e-1ce356994c1f
deaf7d16-5018-42e5-a5ef-9f3bed0f1947	df652a57-7728-4e08-8f6d-a44dc2fa64bf
fc9c1514-324d-4dcb-97dd-9ce5e242d28b	df652a57-7728-4e08-8f6d-a44dc2fa64bf
c70ad49b-714f-40c3-a454-ba2d15d73fa1	df652a57-7728-4e08-8f6d-a44dc2fa64bf
9e4aa91b-df63-46ae-a3c1-650381f91ba2	df652a57-7728-4e08-8f6d-a44dc2fa64bf
deaf7d16-5018-42e5-a5ef-9f3bed0f1947	88a2afc6-3e15-402c-aadc-094c470c35ed
deaf7d16-5018-42e5-a5ef-9f3bed0f1947	74d3c228-3554-40a6-b5f8-944444ebc3ba
fc9c1514-324d-4dcb-97dd-9ce5e242d28b	88a2afc6-3e15-402c-aadc-094c470c35ed
50e618ad-07ba-4de5-b04d-5511cd1fe40d	74d3c228-3554-40a6-b5f8-944444ebc3ba
deaf7d16-5018-42e5-a5ef-9f3bed0f1947	88deded7-0232-4819-9e39-2013dc7cc285
2dd8fe4e-b4fe-4827-8b71-23709ca98db9	74d3c228-3554-40a6-b5f8-944444ebc3ba
c70ad49b-714f-40c3-a454-ba2d15d73fa1	88a2afc6-3e15-402c-aadc-094c470c35ed
9e4aa91b-df63-46ae-a3c1-650381f91ba2	88a2afc6-3e15-402c-aadc-094c470c35ed
fc9c1514-324d-4dcb-97dd-9ce5e242d28b	88deded7-0232-4819-9e39-2013dc7cc285
76e03a5e-af73-4a76-b235-2fe1ff44ce5f	74d3c228-3554-40a6-b5f8-944444ebc3ba
c70ad49b-714f-40c3-a454-ba2d15d73fa1	88deded7-0232-4819-9e39-2013dc7cc285
5c9fc01b-d6b2-4a5f-9205-a860f6671ba3	74d3c228-3554-40a6-b5f8-944444ebc3ba
9e4aa91b-df63-46ae-a3c1-650381f91ba2	88deded7-0232-4819-9e39-2013dc7cc285
fc9c1514-324d-4dcb-97dd-9ce5e242d28b	74d3c228-3554-40a6-b5f8-944444ebc3ba
50144172-8243-4eb4-8845-2e856ce7f207	74d3c228-3554-40a6-b5f8-944444ebc3ba
c70ad49b-714f-40c3-a454-ba2d15d73fa1	74d3c228-3554-40a6-b5f8-944444ebc3ba
9e4aa91b-df63-46ae-a3c1-650381f91ba2	74d3c228-3554-40a6-b5f8-944444ebc3ba
6ef235e2-e990-4c62-bfbb-e7d98416adf2	74d3c228-3554-40a6-b5f8-944444ebc3ba
deaf7d16-5018-42e5-a5ef-9f3bed0f1947	406d6f96-c05e-4303-a76d-d3a750c68372
deaf7d16-5018-42e5-a5ef-9f3bed0f1947	0563e9f0-cc42-43f2-9da0-3e9562d0ea71
deaf7d16-5018-42e5-a5ef-9f3bed0f1947	84683ea8-478f-48b8-8004-cece493fee98
deaf7d16-5018-42e5-a5ef-9f3bed0f1947	a4e59c4a-c362-4721-8036-b612d42a3f17
50e618ad-07ba-4de5-b04d-5511cd1fe40d	a4e59c4a-c362-4721-8036-b612d42a3f17
50e618ad-07ba-4de5-b04d-5511cd1fe40d	406d6f96-c05e-4303-a76d-d3a750c68372
50e618ad-07ba-4de5-b04d-5511cd1fe40d	0563e9f0-cc42-43f2-9da0-3e9562d0ea71
ac966fab-437e-4cc3-a116-70d0ffb75172	406d6f96-c05e-4303-a76d-d3a750c68372
2dd8fe4e-b4fe-4827-8b71-23709ca98db9	a4e59c4a-c362-4721-8036-b612d42a3f17
deaf7d16-5018-42e5-a5ef-9f3bed0f1947	a96de528-48cb-4be2-8100-845ad8fdcb2b
2dd8fe4e-b4fe-4827-8b71-23709ca98db9	406d6f96-c05e-4303-a76d-d3a750c68372
ac966fab-437e-4cc3-a116-70d0ffb75172	0563e9f0-cc42-43f2-9da0-3e9562d0ea71
5c9fc01b-d6b2-4a5f-9205-a860f6671ba3	a4e59c4a-c362-4721-8036-b612d42a3f17
5c9fc01b-d6b2-4a5f-9205-a860f6671ba3	406d6f96-c05e-4303-a76d-d3a750c68372
2dd8fe4e-b4fe-4827-8b71-23709ca98db9	0563e9f0-cc42-43f2-9da0-3e9562d0ea71
76e03a5e-af73-4a76-b235-2fe1ff44ce5f	0563e9f0-cc42-43f2-9da0-3e9562d0ea71
5c9fc01b-d6b2-4a5f-9205-a860f6671ba3	0563e9f0-cc42-43f2-9da0-3e9562d0ea71
fc9c1514-324d-4dcb-97dd-9ce5e242d28b	0563e9f0-cc42-43f2-9da0-3e9562d0ea71
50144172-8243-4eb4-8845-2e856ce7f207	0563e9f0-cc42-43f2-9da0-3e9562d0ea71
c70ad49b-714f-40c3-a454-ba2d15d73fa1	0563e9f0-cc42-43f2-9da0-3e9562d0ea71
9e4aa91b-df63-46ae-a3c1-650381f91ba2	0563e9f0-cc42-43f2-9da0-3e9562d0ea71
6ef235e2-e990-4c62-bfbb-e7d98416adf2	0563e9f0-cc42-43f2-9da0-3e9562d0ea71
deaf7d16-5018-42e5-a5ef-9f3bed0f1947	f19186ab-e0ab-4e0d-bbd0-5157cd48a497
50e618ad-07ba-4de5-b04d-5511cd1fe40d	f19186ab-e0ab-4e0d-bbd0-5157cd48a497
ac966fab-437e-4cc3-a116-70d0ffb75172	f19186ab-e0ab-4e0d-bbd0-5157cd48a497
2dd8fe4e-b4fe-4827-8b71-23709ca98db9	f19186ab-e0ab-4e0d-bbd0-5157cd48a497
76e03a5e-af73-4a76-b235-2fe1ff44ce5f	f19186ab-e0ab-4e0d-bbd0-5157cd48a497
5c9fc01b-d6b2-4a5f-9205-a860f6671ba3	f19186ab-e0ab-4e0d-bbd0-5157cd48a497
fc9c1514-324d-4dcb-97dd-9ce5e242d28b	f19186ab-e0ab-4e0d-bbd0-5157cd48a497
50144172-8243-4eb4-8845-2e856ce7f207	f19186ab-e0ab-4e0d-bbd0-5157cd48a497
c70ad49b-714f-40c3-a454-ba2d15d73fa1	f19186ab-e0ab-4e0d-bbd0-5157cd48a497
9e4aa91b-df63-46ae-a3c1-650381f91ba2	f19186ab-e0ab-4e0d-bbd0-5157cd48a497
fc9c1514-324d-4dcb-97dd-9ce5e242d28b	406d6f96-c05e-4303-a76d-d3a750c68372
c70ad49b-714f-40c3-a454-ba2d15d73fa1	406d6f96-c05e-4303-a76d-d3a750c68372
9e4aa91b-df63-46ae-a3c1-650381f91ba2	406d6f96-c05e-4303-a76d-d3a750c68372
deaf7d16-5018-42e5-a5ef-9f3bed0f1947	b9c517d4-d6e9-429e-b86b-89383cdcedaa
deaf7d16-5018-42e5-a5ef-9f3bed0f1947	74dd785f-fa76-4251-9f7a-f63d6b37e37b
2dd8fe4e-b4fe-4827-8b71-23709ca98db9	e87d119d-6bd0-4a07-b2c4-ba2cf2516f9e
5c9fc01b-d6b2-4a5f-9205-a860f6671ba3	e87d119d-6bd0-4a07-b2c4-ba2cf2516f9e
2dd8fe4e-b4fe-4827-8b71-23709ca98db9	74dd785f-fa76-4251-9f7a-f63d6b37e37b
5c9fc01b-d6b2-4a5f-9205-a860f6671ba3	74dd785f-fa76-4251-9f7a-f63d6b37e37b
fc9c1514-324d-4dcb-97dd-9ce5e242d28b	74dd785f-fa76-4251-9f7a-f63d6b37e37b
c70ad49b-714f-40c3-a454-ba2d15d73fa1	74dd785f-fa76-4251-9f7a-f63d6b37e37b
9e4aa91b-df63-46ae-a3c1-650381f91ba2	74dd785f-fa76-4251-9f7a-f63d6b37e37b
50e618ad-07ba-4de5-b04d-5511cd1fe40d	a96de528-48cb-4be2-8100-845ad8fdcb2b
2dd8fe4e-b4fe-4827-8b71-23709ca98db9	a96de528-48cb-4be2-8100-845ad8fdcb2b
76e03a5e-af73-4a76-b235-2fe1ff44ce5f	a96de528-48cb-4be2-8100-845ad8fdcb2b
5c9fc01b-d6b2-4a5f-9205-a860f6671ba3	a96de528-48cb-4be2-8100-845ad8fdcb2b
fc9c1514-324d-4dcb-97dd-9ce5e242d28b	a96de528-48cb-4be2-8100-845ad8fdcb2b
50144172-8243-4eb4-8845-2e856ce7f207	a96de528-48cb-4be2-8100-845ad8fdcb2b
c70ad49b-714f-40c3-a454-ba2d15d73fa1	a96de528-48cb-4be2-8100-845ad8fdcb2b
deaf7d16-5018-42e5-a5ef-9f3bed0f1947	884c5d2c-c5ee-4fa2-a516-4f42fb8c9905
9e4aa91b-df63-46ae-a3c1-650381f91ba2	a96de528-48cb-4be2-8100-845ad8fdcb2b
6ef235e2-e990-4c62-bfbb-e7d98416adf2	a96de528-48cb-4be2-8100-845ad8fdcb2b
fc9c1514-324d-4dcb-97dd-9ce5e242d28b	884c5d2c-c5ee-4fa2-a516-4f42fb8c9905
c70ad49b-714f-40c3-a454-ba2d15d73fa1	884c5d2c-c5ee-4fa2-a516-4f42fb8c9905
9e4aa91b-df63-46ae-a3c1-650381f91ba2	884c5d2c-c5ee-4fa2-a516-4f42fb8c9905
2dd8fe4e-b4fe-4827-8b71-23709ca98db9	20d7e49e-782d-4c26-84da-77cacf63fcd6
5c9fc01b-d6b2-4a5f-9205-a860f6671ba3	20d7e49e-782d-4c26-84da-77cacf63fcd6
deaf7d16-5018-42e5-a5ef-9f3bed0f1947	f33dc980-fc6c-48c4-a82b-e3723441fa8b
6ef235e2-e990-4c62-bfbb-e7d98416adf2	1c5e8059-55e2-4fba-b4d1-102f910c8bb2
deaf7d16-5018-42e5-a5ef-9f3bed0f1947	bfb21ce3-2d6d-4bae-9964-6764a2f13372
2dd8fe4e-b4fe-4827-8b71-23709ca98db9	bfb21ce3-2d6d-4bae-9964-6764a2f13372
5c9fc01b-d6b2-4a5f-9205-a860f6671ba3	bfb21ce3-2d6d-4bae-9964-6764a2f13372
fc9c1514-324d-4dcb-97dd-9ce5e242d28b	bfb21ce3-2d6d-4bae-9964-6764a2f13372
c70ad49b-714f-40c3-a454-ba2d15d73fa1	bfb21ce3-2d6d-4bae-9964-6764a2f13372
9e4aa91b-df63-46ae-a3c1-650381f91ba2	bfb21ce3-2d6d-4bae-9964-6764a2f13372
deaf7d16-5018-42e5-a5ef-9f3bed0f1947	c764609e-f0bf-4933-8ddf-6e8e3ddeefc8
50e618ad-07ba-4de5-b04d-5511cd1fe40d	c764609e-f0bf-4933-8ddf-6e8e3ddeefc8
ac966fab-437e-4cc3-a116-70d0ffb75172	c764609e-f0bf-4933-8ddf-6e8e3ddeefc8
2dd8fe4e-b4fe-4827-8b71-23709ca98db9	c764609e-f0bf-4933-8ddf-6e8e3ddeefc8
76e03a5e-af73-4a76-b235-2fe1ff44ce5f	c764609e-f0bf-4933-8ddf-6e8e3ddeefc8
5c9fc01b-d6b2-4a5f-9205-a860f6671ba3	c764609e-f0bf-4933-8ddf-6e8e3ddeefc8
fc9c1514-324d-4dcb-97dd-9ce5e242d28b	c764609e-f0bf-4933-8ddf-6e8e3ddeefc8
50144172-8243-4eb4-8845-2e856ce7f207	c764609e-f0bf-4933-8ddf-6e8e3ddeefc8
c70ad49b-714f-40c3-a454-ba2d15d73fa1	c764609e-f0bf-4933-8ddf-6e8e3ddeefc8
9e4aa91b-df63-46ae-a3c1-650381f91ba2	c764609e-f0bf-4933-8ddf-6e8e3ddeefc8
2dd8fe4e-b4fe-4827-8b71-23709ca98db9	9eab2380-df01-44cf-83a8-dab86a6be4da
76e03a5e-af73-4a76-b235-2fe1ff44ce5f	9eab2380-df01-44cf-83a8-dab86a6be4da
5c9fc01b-d6b2-4a5f-9205-a860f6671ba3	9eab2380-df01-44cf-83a8-dab86a6be4da
76d3ae63-9919-4ad9-a6bf-440a6e4f6e1b	88a2afc6-3e15-402c-aadc-094c470c35ed
76d3ae63-9919-4ad9-a6bf-440a6e4f6e1b	df652a57-7728-4e08-8f6d-a44dc2fa64bf
deaf7d16-5018-42e5-a5ef-9f3bed0f1947	46de8926-9640-4d42-9f40-3088a34b3fd1
2dd8fe4e-b4fe-4827-8b71-23709ca98db9	46de8926-9640-4d42-9f40-3088a34b3fd1
76e03a5e-af73-4a76-b235-2fe1ff44ce5f	46de8926-9640-4d42-9f40-3088a34b3fd1
5c9fc01b-d6b2-4a5f-9205-a860f6671ba3	46de8926-9640-4d42-9f40-3088a34b3fd1
fc9c1514-324d-4dcb-97dd-9ce5e242d28b	46de8926-9640-4d42-9f40-3088a34b3fd1
50144172-8243-4eb4-8845-2e856ce7f207	46de8926-9640-4d42-9f40-3088a34b3fd1
c70ad49b-714f-40c3-a454-ba2d15d73fa1	46de8926-9640-4d42-9f40-3088a34b3fd1
9e4aa91b-df63-46ae-a3c1-650381f91ba2	46de8926-9640-4d42-9f40-3088a34b3fd1
deaf7d16-5018-42e5-a5ef-9f3bed0f1947	4762c5df-c703-4b70-b83e-1000114da1f8
50e618ad-07ba-4de5-b04d-5511cd1fe40d	4762c5df-c703-4b70-b83e-1000114da1f8
ac966fab-437e-4cc3-a116-70d0ffb75172	4762c5df-c703-4b70-b83e-1000114da1f8
2dd8fe4e-b4fe-4827-8b71-23709ca98db9	4762c5df-c703-4b70-b83e-1000114da1f8
4ac62ce5-e3a5-4b12-bd2c-3a53b4516ebe	4762c5df-c703-4b70-b83e-1000114da1f8
76e03a5e-af73-4a76-b235-2fe1ff44ce5f	4762c5df-c703-4b70-b83e-1000114da1f8
5c9fc01b-d6b2-4a5f-9205-a860f6671ba3	4762c5df-c703-4b70-b83e-1000114da1f8
deaf7d16-5018-42e5-a5ef-9f3bed0f1947	cc479880-7eac-417f-aa20-2bdb51beba31
50e618ad-07ba-4de5-b04d-5511cd1fe40d	cc479880-7eac-417f-aa20-2bdb51beba31
2dd8fe4e-b4fe-4827-8b71-23709ca98db9	cc479880-7eac-417f-aa20-2bdb51beba31
76e03a5e-af73-4a76-b235-2fe1ff44ce5f	cc479880-7eac-417f-aa20-2bdb51beba31
5c9fc01b-d6b2-4a5f-9205-a860f6671ba3	cc479880-7eac-417f-aa20-2bdb51beba31
fc9c1514-324d-4dcb-97dd-9ce5e242d28b	cc479880-7eac-417f-aa20-2bdb51beba31
50144172-8243-4eb4-8845-2e856ce7f207	cc479880-7eac-417f-aa20-2bdb51beba31
c70ad49b-714f-40c3-a454-ba2d15d73fa1	cc479880-7eac-417f-aa20-2bdb51beba31
9e4aa91b-df63-46ae-a3c1-650381f91ba2	cc479880-7eac-417f-aa20-2bdb51beba31
2dd8fe4e-b4fe-4827-8b71-23709ca98db9	b5a112b7-b42b-4e6c-8450-0c5053e7c7a0
5c9fc01b-d6b2-4a5f-9205-a860f6671ba3	b5a112b7-b42b-4e6c-8450-0c5053e7c7a0
4ac62ce5-e3a5-4b12-bd2c-3a53b4516ebe	b5a112b7-b42b-4e6c-8450-0c5053e7c7a0
deaf7d16-5018-42e5-a5ef-9f3bed0f1947	e703f552-72fb-432a-af06-7844bdf34949
deaf7d16-5018-42e5-a5ef-9f3bed0f1947	d87f51bd-042d-4278-997f-b9f45f28a0bf
50e618ad-07ba-4de5-b04d-5511cd1fe40d	d87f51bd-042d-4278-997f-b9f45f28a0bf
6ef235e2-e990-4c62-bfbb-e7d98416adf2	ce03228a-e0fb-4bf4-be33-035373d49ed0
deaf7d16-5018-42e5-a5ef-9f3bed0f1947	d53f819c-955a-4ec6-8a14-8b20b3b7d159
fc9c1514-324d-4dcb-97dd-9ce5e242d28b	d53f819c-955a-4ec6-8a14-8b20b3b7d159
c70ad49b-714f-40c3-a454-ba2d15d73fa1	d53f819c-955a-4ec6-8a14-8b20b3b7d159
9e4aa91b-df63-46ae-a3c1-650381f91ba2	d53f819c-955a-4ec6-8a14-8b20b3b7d159
deaf7d16-5018-42e5-a5ef-9f3bed0f1947	5a6c02a0-8d65-4efb-a3f1-a0bc25c3a9af
2dd8fe4e-b4fe-4827-8b71-23709ca98db9	5a6c02a0-8d65-4efb-a3f1-a0bc25c3a9af
5c9fc01b-d6b2-4a5f-9205-a860f6671ba3	5a6c02a0-8d65-4efb-a3f1-a0bc25c3a9af
fc9c1514-324d-4dcb-97dd-9ce5e242d28b	5a6c02a0-8d65-4efb-a3f1-a0bc25c3a9af
c70ad49b-714f-40c3-a454-ba2d15d73fa1	5a6c02a0-8d65-4efb-a3f1-a0bc25c3a9af
9e4aa91b-df63-46ae-a3c1-650381f91ba2	5a6c02a0-8d65-4efb-a3f1-a0bc25c3a9af
76d3ae63-9919-4ad9-a6bf-440a6e4f6e1b	884c5d2c-c5ee-4fa2-a516-4f42fb8c9905
4ac62ce5-e3a5-4b12-bd2c-3a53b4516ebe	81fd3b51-ca00-411e-adcd-1e3b77cbe91b
5f6e8438-8b11-4c5e-aed9-834c6038334d	1c5e8059-55e2-4fba-b4d1-102f910c8bb2
76d3ae63-9919-4ad9-a6bf-440a6e4f6e1b	d53f819c-955a-4ec6-8a14-8b20b3b7d159
2dd8fe4e-b4fe-4827-8b71-23709ca98db9	841da886-5f4b-4184-aaa8-89e638159ec6
4ac62ce5-e3a5-4b12-bd2c-3a53b4516ebe	841da886-5f4b-4184-aaa8-89e638159ec6
5c9fc01b-d6b2-4a5f-9205-a860f6671ba3	841da886-5f4b-4184-aaa8-89e638159ec6
deaf7d16-5018-42e5-a5ef-9f3bed0f1947	02978247-aa5e-4021-9e97-12d1b07a24cc
50e618ad-07ba-4de5-b04d-5511cd1fe40d	02978247-aa5e-4021-9e97-12d1b07a24cc
2dd8fe4e-b4fe-4827-8b71-23709ca98db9	02978247-aa5e-4021-9e97-12d1b07a24cc
76e03a5e-af73-4a76-b235-2fe1ff44ce5f	02978247-aa5e-4021-9e97-12d1b07a24cc
5c9fc01b-d6b2-4a5f-9205-a860f6671ba3	02978247-aa5e-4021-9e97-12d1b07a24cc
fc9c1514-324d-4dcb-97dd-9ce5e242d28b	02978247-aa5e-4021-9e97-12d1b07a24cc
50144172-8243-4eb4-8845-2e856ce7f207	02978247-aa5e-4021-9e97-12d1b07a24cc
c70ad49b-714f-40c3-a454-ba2d15d73fa1	02978247-aa5e-4021-9e97-12d1b07a24cc
9e4aa91b-df63-46ae-a3c1-650381f91ba2	02978247-aa5e-4021-9e97-12d1b07a24cc
6ef235e2-e990-4c62-bfbb-e7d98416adf2	02978247-aa5e-4021-9e97-12d1b07a24cc
deaf7d16-5018-42e5-a5ef-9f3bed0f1947	7b58eba6-3a0c-4034-9bf2-b7016ed5338f
deaf7d16-5018-42e5-a5ef-9f3bed0f1947	dc865347-8375-43c9-ba67-1bb999f287e8
deaf7d16-5018-42e5-a5ef-9f3bed0f1947	ade20fd1-6743-4000-8140-9fe054fc464b
2dd8fe4e-b4fe-4827-8b71-23709ca98db9	ade20fd1-6743-4000-8140-9fe054fc464b
76e03a5e-af73-4a76-b235-2fe1ff44ce5f	ade20fd1-6743-4000-8140-9fe054fc464b
5c9fc01b-d6b2-4a5f-9205-a860f6671ba3	ade20fd1-6743-4000-8140-9fe054fc464b
fc9c1514-324d-4dcb-97dd-9ce5e242d28b	ade20fd1-6743-4000-8140-9fe054fc464b
50144172-8243-4eb4-8845-2e856ce7f207	ade20fd1-6743-4000-8140-9fe054fc464b
c70ad49b-714f-40c3-a454-ba2d15d73fa1	ade20fd1-6743-4000-8140-9fe054fc464b
9e4aa91b-df63-46ae-a3c1-650381f91ba2	ade20fd1-6743-4000-8140-9fe054fc464b
deaf7d16-5018-42e5-a5ef-9f3bed0f1947	1d5f49b8-a20f-4152-970e-3bfb15afa7e7
50e618ad-07ba-4de5-b04d-5511cd1fe40d	1d5f49b8-a20f-4152-970e-3bfb15afa7e7
2dd8fe4e-b4fe-4827-8b71-23709ca98db9	1d5f49b8-a20f-4152-970e-3bfb15afa7e7
76e03a5e-af73-4a76-b235-2fe1ff44ce5f	1d5f49b8-a20f-4152-970e-3bfb15afa7e7
5c9fc01b-d6b2-4a5f-9205-a860f6671ba3	1d5f49b8-a20f-4152-970e-3bfb15afa7e7
fc9c1514-324d-4dcb-97dd-9ce5e242d28b	1d5f49b8-a20f-4152-970e-3bfb15afa7e7
c70ad49b-714f-40c3-a454-ba2d15d73fa1	1d5f49b8-a20f-4152-970e-3bfb15afa7e7
9e4aa91b-df63-46ae-a3c1-650381f91ba2	1d5f49b8-a20f-4152-970e-3bfb15afa7e7
4ac62ce5-e3a5-4b12-bd2c-3a53b4516ebe	13eb9117-d884-4b07-ae5b-0987b8208202
5f6e8438-8b11-4c5e-aed9-834c6038334d	d57d9e2d-c7ab-4ab1-8d59-66d3d8509a8b
deaf7d16-5018-42e5-a5ef-9f3bed0f1947	3e379e98-6601-4435-ab23-dcd434560c22
2dd8fe4e-b4fe-4827-8b71-23709ca98db9	3e379e98-6601-4435-ab23-dcd434560c22
5c9fc01b-d6b2-4a5f-9205-a860f6671ba3	3e379e98-6601-4435-ab23-dcd434560c22
deaf7d16-5018-42e5-a5ef-9f3bed0f1947	4d02491e-28dc-458e-a012-c76d5a15e496
6ef235e2-e990-4c62-bfbb-e7d98416adf2	4d02491e-28dc-458e-a012-c76d5a15e496
5f6e8438-8b11-4c5e-aed9-834c6038334d	db09701c-5b3d-425d-b1bf-742c02fe923e
4ac62ce5-e3a5-4b12-bd2c-3a53b4516ebe	e87d119d-6bd0-4a07-b2c4-ba2cf2516f9e
6ef235e2-e990-4c62-bfbb-e7d98416adf2	d57d9e2d-c7ab-4ab1-8d59-66d3d8509a8b
fc9c1514-324d-4dcb-97dd-9ce5e242d28b	16bf2fec-627c-4a47-9c0e-06ded47b4d60
c70ad49b-714f-40c3-a454-ba2d15d73fa1	16bf2fec-627c-4a47-9c0e-06ded47b4d60
9e4aa91b-df63-46ae-a3c1-650381f91ba2	16bf2fec-627c-4a47-9c0e-06ded47b4d60
4ac62ce5-e3a5-4b12-bd2c-3a53b4516ebe	17d98a07-34f5-4b1e-979e-1ce356994c1f
5f6e8438-8b11-4c5e-aed9-834c6038334d	ce03228a-e0fb-4bf4-be33-035373d49ed0
76d3ae63-9919-4ad9-a6bf-440a6e4f6e1b	16bf2fec-627c-4a47-9c0e-06ded47b4d60
deaf7d16-5018-42e5-a5ef-9f3bed0f1947	6a77c550-9a4f-409a-8865-6105e2b59379
50e618ad-07ba-4de5-b04d-5511cd1fe40d	6a77c550-9a4f-409a-8865-6105e2b59379
ac966fab-437e-4cc3-a116-70d0ffb75172	6a77c550-9a4f-409a-8865-6105e2b59379
fc9c1514-324d-4dcb-97dd-9ce5e242d28b	6a77c550-9a4f-409a-8865-6105e2b59379
c70ad49b-714f-40c3-a454-ba2d15d73fa1	6a77c550-9a4f-409a-8865-6105e2b59379
9e4aa91b-df63-46ae-a3c1-650381f91ba2	6a77c550-9a4f-409a-8865-6105e2b59379
deaf7d16-5018-42e5-a5ef-9f3bed0f1947	0505a84b-01d7-4716-a7b2-61b70f18c033
4ac62ce5-e3a5-4b12-bd2c-3a53b4516ebe	0505a84b-01d7-4716-a7b2-61b70f18c033
76d3ae63-9919-4ad9-a6bf-440a6e4f6e1b	88deded7-0232-4819-9e39-2013dc7cc285
76d3ae63-9919-4ad9-a6bf-440a6e4f6e1b	6a77c550-9a4f-409a-8865-6105e2b59379
fc9c1514-324d-4dcb-97dd-9ce5e242d28b	3e379e98-6601-4435-ab23-dcd434560c22
c70ad49b-714f-40c3-a454-ba2d15d73fa1	3e379e98-6601-4435-ab23-dcd434560c22
9e4aa91b-df63-46ae-a3c1-650381f91ba2	3e379e98-6601-4435-ab23-dcd434560c22
4ac62ce5-e3a5-4b12-bd2c-3a53b4516ebe	20d7e49e-782d-4c26-84da-77cacf63fcd6
4ac62ce5-e3a5-4b12-bd2c-3a53b4516ebe	fe16bc85-f506-44fd-8fa9-99bf919bacd9
fc9c1514-324d-4dcb-97dd-9ce5e242d28b	a4e59c4a-c362-4721-8036-b612d42a3f17
c70ad49b-714f-40c3-a454-ba2d15d73fa1	a4e59c4a-c362-4721-8036-b612d42a3f17
9e4aa91b-df63-46ae-a3c1-650381f91ba2	a4e59c4a-c362-4721-8036-b612d42a3f17
6ef235e2-e990-4c62-bfbb-e7d98416adf2	a4e59c4a-c362-4721-8036-b612d42a3f17
deaf7d16-5018-42e5-a5ef-9f3bed0f1947	ec0eb006-91ad-4fe7-b7b7-a883136337e2
2dd8fe4e-b4fe-4827-8b71-23709ca98db9	ec0eb006-91ad-4fe7-b7b7-a883136337e2
5c9fc01b-d6b2-4a5f-9205-a860f6671ba3	ec0eb006-91ad-4fe7-b7b7-a883136337e2
fc9c1514-324d-4dcb-97dd-9ce5e242d28b	ec0eb006-91ad-4fe7-b7b7-a883136337e2
c70ad49b-714f-40c3-a454-ba2d15d73fa1	ec0eb006-91ad-4fe7-b7b7-a883136337e2
9e4aa91b-df63-46ae-a3c1-650381f91ba2	ec0eb006-91ad-4fe7-b7b7-a883136337e2
deaf7d16-5018-42e5-a5ef-9f3bed0f1947	29ed6ff9-653a-4cca-aa4d-b78fe0fd8985
50e618ad-07ba-4de5-b04d-5511cd1fe40d	29ed6ff9-653a-4cca-aa4d-b78fe0fd8985
ac966fab-437e-4cc3-a116-70d0ffb75172	29ed6ff9-653a-4cca-aa4d-b78fe0fd8985
99f922a5-247d-4e9c-81d4-8e5f2e5d713e	29ed6ff9-653a-4cca-aa4d-b78fe0fd8985
fc9c1514-324d-4dcb-97dd-9ce5e242d28b	29ed6ff9-653a-4cca-aa4d-b78fe0fd8985
76d3ae63-9919-4ad9-a6bf-440a6e4f6e1b	29ed6ff9-653a-4cca-aa4d-b78fe0fd8985
c70ad49b-714f-40c3-a454-ba2d15d73fa1	29ed6ff9-653a-4cca-aa4d-b78fe0fd8985
9e4aa91b-df63-46ae-a3c1-650381f91ba2	29ed6ff9-653a-4cca-aa4d-b78fe0fd8985
deaf7d16-5018-42e5-a5ef-9f3bed0f1947	bb7d5bb4-10a2-4328-9558-779bcaddb827
50e618ad-07ba-4de5-b04d-5511cd1fe40d	bb7d5bb4-10a2-4328-9558-779bcaddb827
2dd8fe4e-b4fe-4827-8b71-23709ca98db9	bb7d5bb4-10a2-4328-9558-779bcaddb827
fc9c1514-324d-4dcb-97dd-9ce5e242d28b	bb7d5bb4-10a2-4328-9558-779bcaddb827
6ef235e2-e990-4c62-bfbb-e7d98416adf2	bb7d5bb4-10a2-4328-9558-779bcaddb827
deaf7d16-5018-42e5-a5ef-9f3bed0f1947	3182b34b-1a01-4290-9176-a038c4a76524
50e618ad-07ba-4de5-b04d-5511cd1fe40d	3182b34b-1a01-4290-9176-a038c4a76524
6ef235e2-e990-4c62-bfbb-e7d98416adf2	3182b34b-1a01-4290-9176-a038c4a76524
5f6e8438-8b11-4c5e-aed9-834c6038334d	3182b34b-1a01-4290-9176-a038c4a76524
deaf7d16-5018-42e5-a5ef-9f3bed0f1947	145c49ae-4d41-47b3-8c8c-39d54ac3c8ec
50e618ad-07ba-4de5-b04d-5511cd1fe40d	145c49ae-4d41-47b3-8c8c-39d54ac3c8ec
ac966fab-437e-4cc3-a116-70d0ffb75172	145c49ae-4d41-47b3-8c8c-39d54ac3c8ec
2dd8fe4e-b4fe-4827-8b71-23709ca98db9	145c49ae-4d41-47b3-8c8c-39d54ac3c8ec
76e03a5e-af73-4a76-b235-2fe1ff44ce5f	145c49ae-4d41-47b3-8c8c-39d54ac3c8ec
5c9fc01b-d6b2-4a5f-9205-a860f6671ba3	145c49ae-4d41-47b3-8c8c-39d54ac3c8ec
fc9c1514-324d-4dcb-97dd-9ce5e242d28b	145c49ae-4d41-47b3-8c8c-39d54ac3c8ec
50144172-8243-4eb4-8845-2e856ce7f207	145c49ae-4d41-47b3-8c8c-39d54ac3c8ec
c70ad49b-714f-40c3-a454-ba2d15d73fa1	145c49ae-4d41-47b3-8c8c-39d54ac3c8ec
9e4aa91b-df63-46ae-a3c1-650381f91ba2	145c49ae-4d41-47b3-8c8c-39d54ac3c8ec
6ef235e2-e990-4c62-bfbb-e7d98416adf2	145c49ae-4d41-47b3-8c8c-39d54ac3c8ec
deaf7d16-5018-42e5-a5ef-9f3bed0f1947	9d55d4d4-297d-42a7-aa7d-e04e7871da90
50e618ad-07ba-4de5-b04d-5511cd1fe40d	9d55d4d4-297d-42a7-aa7d-e04e7871da90
deaf7d16-5018-42e5-a5ef-9f3bed0f1947	b39fa9cc-0c1f-408a-91f0-e3a720a69851
2dd8fe4e-b4fe-4827-8b71-23709ca98db9	9d55d4d4-297d-42a7-aa7d-e04e7871da90
50e618ad-07ba-4de5-b04d-5511cd1fe40d	b39fa9cc-0c1f-408a-91f0-e3a720a69851
76e03a5e-af73-4a76-b235-2fe1ff44ce5f	9d55d4d4-297d-42a7-aa7d-e04e7871da90
5c9fc01b-d6b2-4a5f-9205-a860f6671ba3	9d55d4d4-297d-42a7-aa7d-e04e7871da90
6ef235e2-e990-4c62-bfbb-e7d98416adf2	b39fa9cc-0c1f-408a-91f0-e3a720a69851
fc9c1514-324d-4dcb-97dd-9ce5e242d28b	9d55d4d4-297d-42a7-aa7d-e04e7871da90
5f6e8438-8b11-4c5e-aed9-834c6038334d	b39fa9cc-0c1f-408a-91f0-e3a720a69851
50144172-8243-4eb4-8845-2e856ce7f207	9d55d4d4-297d-42a7-aa7d-e04e7871da90
c70ad49b-714f-40c3-a454-ba2d15d73fa1	9d55d4d4-297d-42a7-aa7d-e04e7871da90
9e4aa91b-df63-46ae-a3c1-650381f91ba2	9d55d4d4-297d-42a7-aa7d-e04e7871da90
6ef235e2-e990-4c62-bfbb-e7d98416adf2	9d55d4d4-297d-42a7-aa7d-e04e7871da90
deaf7d16-5018-42e5-a5ef-9f3bed0f1947	9eab2380-df01-44cf-83a8-dab86a6be4da
50e618ad-07ba-4de5-b04d-5511cd1fe40d	9eab2380-df01-44cf-83a8-dab86a6be4da
fc9c1514-324d-4dcb-97dd-9ce5e242d28b	9eab2380-df01-44cf-83a8-dab86a6be4da
50144172-8243-4eb4-8845-2e856ce7f207	9eab2380-df01-44cf-83a8-dab86a6be4da
c70ad49b-714f-40c3-a454-ba2d15d73fa1	9eab2380-df01-44cf-83a8-dab86a6be4da
9e4aa91b-df63-46ae-a3c1-650381f91ba2	9eab2380-df01-44cf-83a8-dab86a6be4da
\.


--
-- Data for Name: _prisma_migrations; Type: TABLE DATA; Schema: public; Owner: game-trailer
--

COPY public._prisma_migrations (id, checksum, finished_at, migration_name, logs, rolled_back_at, started_at, applied_steps_count) FROM stdin;
3b9ba5e6-9d49-4a07-bf61-6a978d6b139e	e34953dd5c58d6715b6d5737a5fa3fd2acc63135a5c5a79d858a3e87a4bd56c9	2022-05-28 18:04:03.188161+00	20220523154912_init	\N	\N	2022-05-28 18:04:03.110418+00	1
7ee5ddda-6644-45ea-80a3-3e9daf7a9bf0	fd36390f881f3b28d47948caf96882a8f937d736c94baf13c18f982a9d53745d	2022-05-28 18:04:03.203772+00	20220523161116_add_date_to_statistic	\N	\N	2022-05-28 18:04:03.191684+00	1
ddcbcc11-68d4-409e-9cab-4e0967e8a50e	077041c02a3871a95384c3e6340c4f4c5eb2045e443e6b87cf852c3328a91fe7	2022-05-28 18:04:03.218644+00	20220523161255_add_statistic_date_default_value	\N	\N	2022-05-28 18:04:03.206712+00	1
de2b9d79-31b4-4425-bc4a-f9487ff75f6e	a9b905b3e2d48b7f693aa9bf6e939f7e9f4a036527a6d01a66b4c77fb3cefef8	2022-05-28 18:04:03.235543+00	20220523164359_mark_release_data_as_optional	\N	\N	2022-05-28 18:04:03.224463+00	1
393fa4d8-1395-405b-9bc0-fa881f364061	3174aa64f59a22b3f174b31e54b4abfc9fd24a184c9bd56b7b547c404ad4bb32	2022-05-28 18:04:03.251438+00	20220528180252_add_slug_to_category	\N	\N	2022-05-28 18:04:03.241061+00	1
a5511e46-a406-48a8-856a-a073362fad76	62f1c09e813f36385c8eb422075e1651cad4bfde1d499fcdc7ca4990e6694dc5	2022-05-29 13:56:58.60221+00	20220529135657_change_statistic_primary_key_to_date	\N	\N	2022-05-29 13:56:58.563151+00	1
\.


--
-- Name: Category Category_pkey; Type: CONSTRAINT; Schema: public; Owner: game-trailer
--

ALTER TABLE ONLY public."Category"
    ADD CONSTRAINT "Category_pkey" PRIMARY KEY (id);


--
-- Name: Statistic Statistic_pkey; Type: CONSTRAINT; Schema: public; Owner: game-trailer
--

ALTER TABLE ONLY public."Statistic"
    ADD CONSTRAINT "Statistic_pkey" PRIMARY KEY (date, "trailerId");


--
-- Name: Trailer Trailer_pkey; Type: CONSTRAINT; Schema: public; Owner: game-trailer
--

ALTER TABLE ONLY public."Trailer"
    ADD CONSTRAINT "Trailer_pkey" PRIMARY KEY (id);


--
-- Name: _prisma_migrations _prisma_migrations_pkey; Type: CONSTRAINT; Schema: public; Owner: game-trailer
--

ALTER TABLE ONLY public._prisma_migrations
    ADD CONSTRAINT _prisma_migrations_pkey PRIMARY KEY (id);


--
-- Name: Category_name_key; Type: INDEX; Schema: public; Owner: game-trailer
--

CREATE UNIQUE INDEX "Category_name_key" ON public."Category" USING btree (name);


--
-- Name: Trailer_gameTitle_key; Type: INDEX; Schema: public; Owner: game-trailer
--

CREATE UNIQUE INDEX "Trailer_gameTitle_key" ON public."Trailer" USING btree ("gameTitle");


--
-- Name: _CategoryToTrailer_AB_unique; Type: INDEX; Schema: public; Owner: game-trailer
--

CREATE UNIQUE INDEX "_CategoryToTrailer_AB_unique" ON public."_CategoryToTrailer" USING btree ("A", "B");


--
-- Name: _CategoryToTrailer_B_index; Type: INDEX; Schema: public; Owner: game-trailer
--

CREATE INDEX "_CategoryToTrailer_B_index" ON public."_CategoryToTrailer" USING btree ("B");


--
-- Name: Statistic Statistic_trailerId_fkey; Type: FK CONSTRAINT; Schema: public; Owner: game-trailer
--

ALTER TABLE ONLY public."Statistic"
    ADD CONSTRAINT "Statistic_trailerId_fkey" FOREIGN KEY ("trailerId") REFERENCES public."Trailer"(id) ON UPDATE CASCADE ON DELETE RESTRICT;


--
-- Name: _CategoryToTrailer _CategoryToTrailer_A_fkey; Type: FK CONSTRAINT; Schema: public; Owner: game-trailer
--

ALTER TABLE ONLY public."_CategoryToTrailer"
    ADD CONSTRAINT "_CategoryToTrailer_A_fkey" FOREIGN KEY ("A") REFERENCES public."Category"(id) ON UPDATE CASCADE ON DELETE CASCADE;


--
-- Name: _CategoryToTrailer _CategoryToTrailer_B_fkey; Type: FK CONSTRAINT; Schema: public; Owner: game-trailer
--

ALTER TABLE ONLY public."_CategoryToTrailer"
    ADD CONSTRAINT "_CategoryToTrailer_B_fkey" FOREIGN KEY ("B") REFERENCES public."Trailer"(id) ON UPDATE CASCADE ON DELETE CASCADE;


--
-- PostgreSQL database dump complete
--

